timestamp,implementation,balls,threads,steps,seed,runIndex,elapsedMillis,throughputStepsPerSec,cpuUtilizationPercent,checksum,status,failureReason,syncTimeMillis,aggregationTimeMillis,taskSubmissionTimeMillis,joinOrFutureWaitMillis,lockAcquisitions,submittedTasks,stateReadTimeMillis,partitionTimeMillis,movementTimeMillis,holeInteractionTimeMillis,collisionDetectionTimeMillis,collisionResolutionTimeMillis,mergeApplyTimeMillis
2026-07-02T20:10:17.912907200Z,sequential,100,1,600,0,1,31.976600,18763.720971,20.359940,-7930796986406186233,SUCCESS,,0.000000,0.000000,0.000000,0.000000,0,0,0.000000,0.000000,0.000000,0.000000,0.000000,0.000000,0.000000
2026-07-02T20:10:17.912907200Z,sequential,100,1,600,0,2,10.488300,57206.601642,37.243881,-7930796986406186233,SUCCESS,,0.000000,0.000000,0.000000,0.000000,0,0,0.000000,0.000000,0.000000,0.000000,0.000000,0.000000,0.000000
2026-07-02T20:10:17.912907200Z,sequential,100,1,600,0,3,14.417300,41616.668863,,-7930796986406186233,SUCCESS,,0.000000,0.000000,0.000000,0.000000,0,0,0.000000,0.000000,0.000000,0.000000,0.000000,0.000000,0.000000
2026-07-02T20:10:17.912907200Z,sequential,100,1,600,0,4,11.815000,50782.903089,,-7930796986406186233,SUCCESS,,0.000000,0.000000,0.000000,0.000000,0,0,0.000000,0.000000,0.000000,0.000000,0.000000,0.000000,0.000000
2026-07-02T20:10:17.912907200Z,sequential,100,1,600,0,5,15.347500,39094.315035,16.968019,-7930796986406186233,SUCCESS,,0.000000,0.000000,0.000000,0.000000,0,0,0.000000,0.000000,0.000000,0.000000,0.000000,0.000000,0.000000
2026-07-02T20:10:17.912907200Z,sequential,100,1,600,0,6,16.722600,35879.588102,15.572738,-7930796986406186233,SUCCESS,,0.000000,0.000000,0.000000,0.000000,0,0,0.000000,0.000000,0.000000,0.000000,0.000000,0.000000,0.000000
2026-07-02T20:10:17.912907200Z,sequential,100,1,600,0,7,15.107400,39715.636046,,-7930796986406186233,SUCCESS,,0.000000,0.000000,0.000000,0.000000,0,0,0.000000,0.000000,0.000000,0.000000,0.000000,0.000000,0.000000
2026-07-02T20:10:18.284095700Z,threads,100,1,600,0,1,62.664800,9574.753291,12.467127,-7930796986406186233,SUCCESS,,0.000000,0.000000,0.000000,0.000000,0,0,0.000000,0.000000,0.000000,0.000000,0.000000,0.000000,0.000000
2026-07-02T20:10:18.284095700Z,threads,100,1,600,0,2,49.919100,12019.447466,10.433548,-7930796986406186233,SUCCESS,,0.000000,0.000000,0.000000,0.000000,0,0,0.000000,0.000000,0.000000,0.000000,0.000000,0.000000,0.000000
2026-07-02T20:10:18.284095700Z,threads,100,1,600,0,3,51.117800,11737.594341,10.188884,-7930796986406186233,SUCCESS,,0.000000,0.000000,0.000000,0.000000,0,0,0.000000,0.000000,0.000000,0.000000,0.000000,0.000000,0.000000
2026-07-02T20:10:18.284095700Z,threads,100,1,600,0,4,45.674500,13136.432802,8.552365,-7930796986406186233,SUCCESS,,0.000000,0.000000,0.000000,0.000000,0,0,0.000000,0.000000,0.000000,0.000000,0.000000,0.000000,0.000000
2026-07-02T20:10:18.284095700Z,threads,100,1,600,0,5,47.777100,12558.317688,8.175988,-7930796986406186233,SUCCESS,,0.000000,0.000000,0.000000,0.000000,0,0,0.000000,0.000000,0.000000,0.000000,0.000000,0.000000,0.000000
2026-07-02T20:10:18.284095700Z,threads,100,1,600,0,6,54.761700,10956.562707,7.133179,-7930796986406186233,SUCCESS,,0.000000,0.000000,0.000000,0.000000,0,0,0.000000,0.000000,0.000000,0.000000,0.000000,0.000000,0.000000
2026-07-02T20:10:18.284095700Z,threads,100,1,600,0,7,51.509200,11648.404557,15.167193,-7930796986406186233,SUCCESS,,0.000000,0.000000,0.000000,0.000000,0,0,0.000000,0.000000,0.000000,0.000000,0.000000,0.000000,0.000000
2026-07-02T20:10:18.845018300Z,threads,100,2,600,0,1,70.915300,8460.797599,7.344442,-7930796986406186233,SUCCESS,,0.000000,0.000000,0.000000,0.000000,0,0,0.000000,0.000000,0.000000,0.000000,0.000000,0.000000,0.000000
2026-07-02T20:10:18.845018300Z,threads,100,2,600,0,2,72.194000,8310.939967,14.428715,-7930796986406186233,SUCCESS,,0.000000,0.000000,0.000000,0.000000,0,0,0.000000,0.000000,0.000000,0.000000,0.000000,0.000000,0.000000
2026-07-02T20:10:18.845018300Z,threads,100,2,600,0,3,81.127600,7395.756808,8.024910,-7930796986406186233,SUCCESS,,0.000000,0.000000,0.000000,0.000000,0,0,0.000000,0.000000,0.000000,0.000000,0.000000,0.000000,0.000000
2026-07-02T20:10:18.845018300Z,threads,100,2,600,0,4,79.286800,7567.463941,9.853469,-7930796986406186233,SUCCESS,,0.000000,0.000000,0.000000,0.000000,0,0,0.000000,0.000000,0.000000,0.000000,0.000000,0.000000,0.000000
2026-07-02T20:10:18.845018300Z,threads,100,2,600,0,5,80.789400,7426.716871,11.281905,-7930796986406186233,SUCCESS,,0.000000,0.000000,0.000000,0.000000,0,0,0.000000,0.000000,0.000000,0.000000,0.000000,0.000000,0.000000
2026-07-02T20:10:18.845018300Z,threads,100,2,600,0,6,90.827500,6605.928821,12.902205,-7930796986406186233,SUCCESS,,0.000000,0.000000,0.000000,0.000000,0,0,0.000000,0.000000,0.000000,0.000000,0.000000,0.000000,0.000000
2026-07-02T20:10:18.845018300Z,threads,100,2,600,0,7,76.839500,7808.483918,8.472747,-7930796986406186233,SUCCESS,,0.000000,0.000000,0.000000,0.000000,0,0,0.000000,0.000000,0.000000,0.000000,0.000000,0.000000,0.000000
2026-07-02T20:10:19.542265400Z,threads,100,4,600,0,1,97.106200,6178.802177,10.727087,-7930796986406186233,SUCCESS,,0.000000,0.000000,0.000000,0.000000,0,0,0.000000,0.000000,0.000000,0.000000,0.000000,0.000000,0.000000
2026-07-02T20:10:19.542265400Z,threads,100,4,600,0,2,115.454100,5196.870445,11.277931,-7930796986406186233,SUCCESS,,0.000000,0.000000,0.000000,0.000000,0,0,0.000000,0.000000,0.000000,0.000000,0.000000,0.000000,0.000000
2026-07-02T20:10:19.542265400Z,threads,100,4,600,0,3,96.800600,6198.308688,13.451191,-7930796986406186233,SUCCESS,,0.000000,0.000000,0.000000,0.000000,0,0,0.000000,0.000000,0.000000,0.000000,0.000000,0.000000,0.000000
2026-07-02T20:10:19.542265400Z,threads,100,4,600,0,4,98.723100,6077.604937,14.508172,-7930796986406186233,SUCCESS,,0.000000,0.000000,0.000000,0.000000,0,0,0.000000,0.000000,0.000000,0.000000,0.000000,0.000000,0.000000
2026-07-02T20:10:19.542265400Z,threads,100,4,600,0,5,95.137900,6306.634895,12.317646,-7930796986406186233,SUCCESS,,0.000000,0.000000,0.000000,0.000000,0,0,0.000000,0.000000,0.000000,0.000000,0.000000,0.000000,0.000000
2026-07-02T20:10:19.542265400Z,threads,100,4,600,0,6,91.541000,6554.440087,7.112023,-7930796986406186233,SUCCESS,,0.000000,0.000000,0.000000,0.000000,0,0,0.000000,0.000000,0.000000,0.000000,0.000000,0.000000,0.000000
2026-07-02T20:10:19.542265400Z,threads,100,4,600,0,7,95.255600,6298.842273,15.036299,-7930796986406186233,SUCCESS,,0.000000,0.000000,0.000000,0.000000,0,0,0.000000,0.000000,0.000000,0.000000,0.000000,0.000000,0.000000
2026-07-02T20:10:20.419819Z,threads,100,8,600,0,1,126.452600,4744.860920,18.534613,-7930796986406186233,SUCCESS,,0.000000,0.000000,0.000000,0.000000,0,0,0.000000,0.000000,0.000000,0.000000,0.000000,0.000000,0.000000
2026-07-02T20:10:20.419819Z,threads,100,8,600,0,2,127.485100,4706.432360,16.341779,-7930796986406186233,SUCCESS,,0.000000,0.000000,0.000000,0.000000,0,0,0.000000,0.000000,0.000000,0.000000,0.000000,0.000000,0.000000
2026-07-02T20:10:20.419819Z,threads,100,8,600,0,3,119.458500,5022.664775,18.529796,-7930796986406186233,SUCCESS,,0.000000,0.000000,0.000000,0.000000,0,0,0.000000,0.000000,0.000000,0.000000,0.000000,0.000000,0.000000
2026-07-02T20:10:20.419819Z,threads,100,8,600,0,4,118.880300,5047.093589,13.143473,-7930796986406186233,SUCCESS,,0.000000,0.000000,0.000000,0.000000,0,0,0.000000,0.000000,0.000000,0.000000,0.000000,0.000000,0.000000
2026-07-02T20:10:20.419819Z,threads,100,8,600,0,5,136.465900,4396.702766,20.991202,-7930796986406186233,SUCCESS,,0.000000,0.000000,0.000000,0.000000,0,0,0.000000,0.000000,0.000000,0.000000,0.000000,0.000000,0.000000
2026-07-02T20:10:20.419819Z,threads,100,8,600,0,6,124.046400,4836.899741,12.596093,-7930796986406186233,SUCCESS,,0.000000,0.000000,0.000000,0.000000,0,0,0.000000,0.000000,0.000000,0.000000,0.000000,0.000000,0.000000
2026-07-02T20:10:20.419819Z,threads,100,8,600,0,7,120.679500,4971.846917,15.105438,-7930796986406186233,SUCCESS,,0.000000,0.000000,0.000000,0.000000,0,0,0.000000,0.000000,0.000000,0.000000,0.000000,0.000000,0.000000
2026-07-02T20:10:21.415279300Z,threads,100,12,600,0,1,132.524500,4527.464733,17.685409,-7930796986406186233,SUCCESS,,0.000000,0.000000,0.000000,0.000000,0,0,0.000000,0.000000,0.000000,0.000000,0.000000,0.000000,0.000000
2026-07-02T20:10:21.415279300Z,threads,100,12,600,0,2,140.842200,4260.086821,22.187952,-7930796986406186233,SUCCESS,,0.000000,0.000000,0.000000,0.000000,0,0,0.000000,0.000000,0.000000,0.000000,0.000000,0.000000,0.000000
2026-07-02T20:10:21.415279300Z,threads,100,12,600,0,3,132.749800,4519.780821,12.751118,-7930796986406186233,SUCCESS,,0.000000,0.000000,0.000000,0.000000,0,0,0.000000,0.000000,0.000000,0.000000,0.000000,0.000000,0.000000
2026-07-02T20:10:21.415279300Z,threads,100,12,600,0,4,144.816300,4143.180015,18.881680,-7930796986406186233,SUCCESS,,0.000000,0.000000,0.000000,0.000000,0,0,0.000000,0.000000,0.000000,0.000000,0.000000,0.000000,0.000000
2026-07-02T20:10:21.415279300Z,threads,100,12,600,0,5,142.737300,4203.526338,10.946683,-7930796986406186233,SUCCESS,,0.000000,0.000000,0.000000,0.000000,0,0,0.000000,0.000000,0.000000,0.000000,0.000000,0.000000,0.000000
2026-07-02T20:10:21.415279300Z,threads,100,12,600,0,6,151.290100,3965.890696,14.631107,-7930796986406186233,SUCCESS,,0.000000,0.000000,0.000000,0.000000,0,0,0.000000,0.000000,0.000000,0.000000,0.000000,0.000000,0.000000
2026-07-02T20:10:21.415279300Z,threads,100,12,600,0,7,144.981900,4138.447627,19.758213,-7930796986406186233,SUCCESS,,0.000000,0.000000,0.000000,0.000000,0,0,0.000000,0.000000,0.000000,0.000000,0.000000,0.000000,0.000000
2026-07-02T20:10:22.424173Z,threads,100,13,600,0,1,132.121100,4541.288258,13.797317,-7930796986406186233,SUCCESS,,0.000000,0.000000,0.000000,0.000000,0,0,0.000000,0.000000,0.000000,0.000000,0.000000,0.000000,0.000000
2026-07-02T20:10:22.424173Z,threads,100,13,600,0,2,138.083200,4345.206368,11.315642,-7930796986406186233,SUCCESS,,0.000000,0.000000,0.000000,0.000000,0,0,0.000000,0.000000,0.000000,0.000000,0.000000,0.000000,0.000000
2026-07-02T20:10:22.424173Z,threads,100,13,600,0,3,153.696500,3903.797419,14.402030,-7930796986406186233,SUCCESS,,0.000000,0.000000,0.000000,0.000000,0,0,0.000000,0.000000,0.000000,0.000000,0.000000,0.000000,0.000000
2026-07-02T20:10:22.424173Z,threads,100,13,600,0,4,147.390500,4070.818676,22.085605,-7930796986406186233,SUCCESS,,0.000000,0.000000,0.000000,0.000000,0,0,0.000000,0.000000,0.000000,0.000000,0.000000,0.000000,0.000000
2026-07-02T20:10:22.424173Z,threads,100,13,600,0,5,130.444200,4599.667904,13.974685,-7930796986406186233,SUCCESS,,0.000000,0.000000,0.000000,0.000000,0,0,0.000000,0.000000,0.000000,0.000000,0.000000,0.000000,0.000000
2026-07-02T20:10:22.424173Z,threads,100,13,600,0,6,143.422300,4183.449854,16.341601,-7930796986406186233,SUCCESS,,0.000000,0.000000,0.000000,0.000000,0,0,0.000000,0.000000,0.000000,0.000000,0.000000,0.000000,0.000000
2026-07-02T20:10:22.424173Z,threads,100,13,600,0,7,159.375600,3764.691709,18.790779,-7930796986406186233,SUCCESS,,0.000000,0.000000,0.000000,0.000000,0,0,0.000000,0.000000,0.000000,0.000000,0.000000,0.000000,0.000000
2026-07-02T20:10:22.653361Z,executor,100,1,600,0,1,28.736100,20879.660079,9.062352,-7930796986406186233,SUCCESS,,0.000000,0.000000,0.000000,0.000000,0,0,0.000000,0.000000,0.000000,0.000000,0.000000,0.000000,0.000000
2026-07-02T20:10:22.653361Z,executor,100,1,600,0,2,23.879400,25126.259454,5.452747,-7930796986406186233,SUCCESS,,0.000000,0.000000,0.000000,0.000000,0,0,0.000000,0.000000,0.000000,0.000000,0.000000,0.000000,0.000000
2026-07-02T20:10:22.653361Z,executor,100,1,600,0,3,28.866000,20785.699439,9.021571,-7930796986406186233,SUCCESS,,0.000000,0.000000,0.000000,0.000000,0,0,0.000000,0.000000,0.000000,0.000000,0.000000,0.000000,0.000000
2026-07-02T20:10:22.653361Z,executor,100,1,600,0,4,37.591300,15961.139945,6.927578,-7930796986406186233,SUCCESS,,0.000000,0.000000,0.000000,0.000000,0,0,0.000000,0.000000,0.000000,0.000000,0.000000,0.000000,0.000000
2026-07-02T20:10:22.653361Z,executor,100,1,600,0,5,37.159000,16146.828494,10.512258,-7930796986406186233,SUCCESS,,0.000000,0.000000,0.000000,0.000000,0,0,0.000000,0.000000,0.000000,0.000000,0.000000,0.000000,0.000000
2026-07-02T20:10:22.653361Z,executor,100,1,600,0,6,35.999400,16666.944449,7.233917,-7930796986406186233,SUCCESS,,0.000000,0.000000,0.000000,0.000000,0,0,0.000000,0.000000,0.000000,0.000000,0.000000,0.000000,0.000000
2026-07-02T20:10:22.653361Z,executor,100,1,600,0,7,31.868100,18827.605035,8.171704,-7930796986406186233,SUCCESS,,0.000000,0.000000,0.000000,0.000000,0,0,0.000000,0.000000,0.000000,0.000000,0.000000,0.000000,0.000000
2026-07-02T20:10:22.846769500Z,executor,100,2,600,0,1,32.290900,18581.086312,8.064708,-7930796986406186233,SUCCESS,,0.000000,0.000000,0.000000,0.000000,0,0,0.000000,0.000000,0.000000,0.000000,0.000000,0.000000,0.000000
2026-07-02T20:10:22.846769500Z,executor,100,2,600,0,2,27.103300,22137.525689,9.608301,-7930796986406186233,SUCCESS,,0.000000,0.000000,0.000000,0.000000,0,0,0.000000,0.000000,0.000000,0.000000,0.000000,0.000000,0.000000
2026-07-02T20:10:22.846769500Z,executor,100,2,600,0,3,23.890200,25114.900671,10.900565,-7930796986406186233,SUCCESS,,0.000000,0.000000,0.000000,0.000000,0,0,0.000000,0.000000,0.000000,0.000000,0.000000,0.000000,0.000000
2026-07-02T20:10:22.846769500Z,executor,100,2,600,0,4,24.359000,24631.553019,5.345389,-7930796986406186233,SUCCESS,,0.000000,0.000000,0.000000,0.000000,0,0,0.000000,0.000000,0.000000,0.000000,0.000000,0.000000,0.000000
2026-07-02T20:10:22.846769500Z,executor,100,2,600,0,5,25.157800,23849.462195,15.526994,-7930796986406186233,SUCCESS,,0.000000,0.000000,0.000000,0.000000,0,0,0.000000,0.000000,0.000000,0.000000,0.000000,0.000000,0.000000
2026-07-02T20:10:22.846769500Z,executor,100,2,600,0,6,24.509100,24480.703086,5.312653,-7930796986406186233,SUCCESS,,0.000000,0.000000,0.000000,0.000000,0,0,0.000000,0.000000,0.000000,0.000000,0.000000,0.000000,0.000000
2026-07-02T20:10:22.846769500Z,executor,100,2,600,0,7,31.288100,19176.619865,12.484779,-7930796986406186233,SUCCESS,,0.000000,0.000000,0.000000,0.000000,0,0,0.000000,0.000000,0.000000,0.000000,0.000000,0.000000,0.000000
2026-07-02T20:10:23.048363600Z,executor,100,4,600,0,1,36.272900,16541.274615,7.179373,-7930796986406186233,SUCCESS,,0.000000,0.000000,0.000000,0.000000,0,0,0.000000,0.000000,0.000000,0.000000,0.000000,0.000000,0.000000
2026-07-02T20:10:23.048363600Z,executor,100,4,600,0,2,27.295100,21981.967459,9.540784,-7930796986406186233,SUCCESS,,0.000000,0.000000,0.000000,0.000000,0,0,0.000000,0.000000,0.000000,0.000000,0.000000,0.000000,0.000000
2026-07-02T20:10:23.048363600Z,executor,100,4,600,0,3,28.502600,21050.711163,9.136593,-7930796986406186233,SUCCESS,,0.000000,0.000000,0.000000,0.000000,0,0,0.000000,0.000000,0.000000,0.000000,0.000000,0.000000,0.000000
2026-07-02T20:10:23.048363600Z,executor,100,4,600,0,4,26.401200,22726.239716,4.931910,-7930796986406186233,SUCCESS,,0.000000,0.000000,0.000000,0.000000,0,0,0.000000,0.000000,0.000000,0.000000,0.000000,0.000000,0.000000
2026-07-02T20:10:23.048363600Z,executor,100,4,600,0,5,30.497400,19673.808259,8.538979,-7930796986406186233,SUCCESS,,0.000000,0.000000,0.000000,0.000000,0,0,0.000000,0.000000,0.000000,0.000000,0.000000,0.000000,0.000000
2026-07-02T20:10:23.048363600Z,executor,100,4,600,0,6,20.449400,29340.714153,12.734685,-7930796986406186233,SUCCESS,,0.000000,0.000000,0.000000,0.000000,0,0,0.000000,0.000000,0.000000,0.000000,0.000000,0.000000,0.000000
2026-07-02T20:10:23.048363600Z,executor,100,4,600,0,7,29.199100,20548.578552,8.918654,-7930796986406186233,SUCCESS,,0.000000,0.000000,0.000000,0.000000,0,0,0.000000,0.000000,0.000000,0.000000,0.000000,0.000000,0.000000
2026-07-02T20:10:23.198306400Z,executor,100,8,600,0,1,19.237300,31189.408077,6.768535,-7930796986406186233,SUCCESS,,0.000000,0.000000,0.000000,0.000000,0,0,0.000000,0.000000,0.000000,0.000000,0.000000,0.000000,0.000000
2026-07-02T20:10:23.198306400Z,executor,100,8,600,0,2,21.258000,28224.668360,55.126305,-7930796986406186233,SUCCESS,,0.000000,0.000000,0.000000,0.000000,0,0,0.000000,0.000000,0.000000,0.000000,0.000000,0.000000,0.000000
2026-07-02T20:10:23.198306400Z,executor,100,8,600,0,3,21.537200,27858.774585,12.091482,-7930796986406186233,SUCCESS,,0.000000,0.000000,0.000000,0.000000,0,0,0.000000,0.000000,0.000000,0.000000,0.000000,0.000000,0.000000
2026-07-02T20:10:23.198306400Z,executor,100,8,600,0,4,19.830600,30256.270612,6.566031,-7930796986406186233,SUCCESS,,0.000000,0.000000,0.000000,0.000000,0,0,0.000000,0.000000,0.000000,0.000000,0.000000,0.000000,0.000000
2026-07-02T20:10:23.198306400Z,executor,100,8,600,0,5,19.436500,30869.755357,6.699166,-7930796986406186233,SUCCESS,,0.000000,0.000000,0.000000,0.000000,0,0,0.000000,0.000000,0.000000,0.000000,0.000000,0.000000,0.000000
2026-07-02T20:10:23.198306400Z,executor,100,8,600,0,6,20.863600,28758.220058,12.481866,-7930796986406186233,SUCCESS,,0.000000,0.000000,0.000000,0.000000,0,0,0.000000,0.000000,0.000000,0.000000,0.000000,0.000000,0.000000
2026-07-02T20:10:23.198306400Z,executor,100,8,600,0,7,20.527100,29229.652508,6.343241,-7930796986406186233,SUCCESS,,0.000000,0.000000,0.000000,0.000000,0,0,0.000000,0.000000,0.000000,0.000000,0.000000,0.000000,0.000000
2026-07-02T20:10:23.354201500Z,executor,100,12,600,0,1,23.805800,25203.941897,5.469605,-7930796986406186233,SUCCESS,,0.000000,0.000000,0.000000,0.000000,0,0,0.000000,0.000000,0.000000,0.000000,0.000000,0.000000,0.000000
2026-07-02T20:10:23.354201500Z,executor,100,12,600,0,2,22.332500,26866.674130,5.830441,-7930796986406186233,SUCCESS,,0.000000,0.000000,0.000000,0.000000,0,0,0.000000,0.000000,0.000000,0.000000,0.000000,0.000000,0.000000
2026-07-02T20:10:23.354201500Z,executor,100,12,600,0,3,20.133200,29801.521864,12.934688,-7930796986406186233,SUCCESS,,0.000000,0.000000,0.000000,0.000000,0,0,0.000000,0.000000,0.000000,0.000000,0.000000,0.000000,0.000000
2026-07-02T20:10:23.354201500Z,executor,100,12,600,0,4,25.077400,23925.925335,5.192258,-7930796986406186233,SUCCESS,,0.000000,0.000000,0.000000,0.000000,0,0,0.000000,0.000000,0.000000,0.000000,0.000000,0.000000,0.000000
2026-07-02T20:10:23.354201500Z,executor,100,12,600,0,5,22.773700,26346.180023,5.717487,-7930796986406186233,SUCCESS,,0.000000,0.000000,0.000000,0.000000,0,0,0.000000,0.000000,0.000000,0.000000,0.000000,0.000000,0.000000
2026-07-02T20:10:23.354201500Z,executor,100,12,600,0,6,22.362700,26830.391679,5.822568,-7930796986406186233,SUCCESS,,0.000000,0.000000,0.000000,0.000000,0,0,0.000000,0.000000,0.000000,0.000000,0.000000,0.000000,0.000000
2026-07-02T20:10:23.354201500Z,executor,100,12,600,0,7,20.735800,28935.464270,,-7930796986406186233,SUCCESS,,0.000000,0.000000,0.000000,0.000000,0,0,0.000000,0.000000,0.000000,0.000000,0.000000,0.000000,0.000000
2026-07-02T20:10:23.527859800Z,executor,100,13,600,0,1,22.412200,26771.133579,5.809708,-7930796986406186233,SUCCESS,,0.000000,0.000000,0.000000,0.000000,0,0,0.000000,0.000000,0.000000,0.000000,0.000000,0.000000,0.000000
2026-07-02T20:10:23.527859800Z,executor,100,13,600,0,2,21.329900,28129.527096,6.104498,-7930796986406186233,SUCCESS,,0.000000,0.000000,0.000000,0.000000,0,0,0.000000,0.000000,0.000000,0.000000,0.000000,0.000000,0.000000
2026-07-02T20:10:23.527859800Z,executor,100,13,600,0,3,30.951400,19385.229747,8.413728,-7930796986406186233,SUCCESS,,0.000000,0.000000,0.000000,0.000000,0,0,0.000000,0.000000,0.000000,0.000000,0.000000,0.000000,0.000000
2026-07-02T20:10:23.527859800Z,executor,100,13,600,0,4,24.101000,24895.232563,10.805222,-7930796986406186233,SUCCESS,,0.000000,0.000000,0.000000,0.000000,0,0,0.000000,0.000000,0.000000,0.000000,0.000000,0.000000,0.000000
2026-07-02T20:10:23.527859800Z,executor,100,13,600,0,5,21.546400,27846.879293,6.043160,-7930796986406186233,SUCCESS,,0.000000,0.000000,0.000000,0.000000,0,0,0.000000,0.000000,0.000000,0.000000,0.000000,0.000000,0.000000
2026-07-02T20:10:23.527859800Z,executor,100,13,600,0,6,21.055000,28496.794111,12.368400,-7930796986406186233,SUCCESS,,0.000000,0.000000,0.000000,0.000000,0,0,0.000000,0.000000,0.000000,0.000000,0.000000,0.000000,0.000000
2026-07-02T20:10:23.527859800Z,executor,100,13,600,0,7,22.252300,26963.504896,5.851455,-7930796986406186233,SUCCESS,,0.000000,0.000000,0.000000,0.000000,0,0,0.000000,0.000000,0.000000,0.000000,0.000000,0.000000,0.000000
2026-07-02T20:10:24.002666700Z,sequential,500,1,600,0,1,57.809300,10378.952867,9.009508,-7094551183460823236,SUCCESS,,0.000000,0.000000,0.000000,0.000000,0,0,0.000000,0.000000,0.000000,0.000000,0.000000,0.000000,0.000000
2026-07-02T20:10:24.002666700Z,sequential,500,1,600,0,2,54.121700,11086.126267,7.217530,-7094551183460823236,SUCCESS,,0.000000,0.000000,0.000000,0.000000,0,0,0.000000,0.000000,0.000000,0.000000,0.000000,0.000000,0.000000
2026-07-02T20:10:24.002666700Z,sequential,500,1,600,0,3,54.489700,11011.255338,9.558381,-7094551183460823236,SUCCESS,,0.000000,0.000000,0.000000,0.000000,0,0,0.000000,0.000000,0.000000,0.000000,0.000000,0.000000,0.000000
2026-07-02T20:10:24.002666700Z,sequential,500,1,600,0,4,52.604800,11405.803273,7.425653,-7094551183460823236,SUCCESS,,0.000000,0.000000,0.000000,0.000000,0,0,0.000000,0.000000,0.000000,0.000000,0.000000,0.000000,0.000000
2026-07-02T20:10:24.002666700Z,sequential,500,1,600,0,5,59.160400,10141.919257,8.803749,-7094551183460823236,SUCCESS,,0.000000,0.000000,0.000000,0.000000,0,0,0.000000,0.000000,0.000000,0.000000,0.000000,0.000000,0.000000
2026-07-02T20:10:24.002666700Z,sequential,500,1,600,0,6,112.831400,5317.668663,6.924048,-7094551183460823236,SUCCESS,,0.000000,0.000000,0.000000,0.000000,0,0,0.000000,0.000000,0.000000,0.000000,0.000000,0.000000,0.000000
2026-07-02T20:10:24.002666700Z,sequential,500,1,600,0,7,80.535500,7450.130688,8.083909,-7094551183460823236,SUCCESS,,0.000000,0.000000,0.000000,0.000000,0,0,0.000000,0.000000,0.000000,0.000000,0.000000,0.000000,0.000000
2026-07-02T20:10:25.521630900Z,threads,500,1,600,0,1,245.498900,2444.002804,8.486121,-7094551183460823236,SUCCESS,,0.000000,0.000000,0.000000,0.000000,0,0,0.000000,0.000000,0.000000,0.000000,0.000000,0.000000,0.000000
2026-07-02T20:10:25.521630900Z,threads,500,1,600,0,2,186.303600,3220.549683,8.386848,-7094551183460823236,SUCCESS,,0.000000,0.000000,0.000000,0.000000,0,0,0.000000,0.000000,0.000000,0.000000,0.000000,0.000000,0.000000
2026-07-02T20:10:25.521630900Z,threads,500,1,600,0,3,164.954300,3637.371078,8.682960,-7094551183460823236,SUCCESS,,0.000000,0.000000,0.000000,0.000000,0,0,0.000000,0.000000,0.000000,0.000000,0.000000,0.000000,0.000000
2026-07-02T20:10:25.521630900Z,threads,500,1,600,0,4,158.901900,3775.914574,8.194259,-7094551183460823236,SUCCESS,,0.000000,0.000000,0.000000,0.000000,0,0,0.000000,0.000000,0.000000,0.000000,0.000000,0.000000,0.000000
2026-07-02T20:10:25.521630900Z,threads,500,1,600,0,5,176.880900,3392.112998,8.097492,-7094551183460823236,SUCCESS,,0.000000,0.000000,0.000000,0.000000,0,0,0.000000,0.000000,0.000000,0.000000,0.000000,0.000000,0.000000
2026-07-02T20:10:25.521630900Z,threads,500,1,600,0,6,284.637600,2107.943575,8.234155,-7094551183460823236,SUCCESS,,0.000000,0.000000,0.000000,0.000000,0,0,0.000000,0.000000,0.000000,0.000000,0.000000,0.000000,0.000000
2026-07-02T20:10:25.521630900Z,threads,500,1,600,0,7,296.650100,2022.584857,8.339651,-7094551183460823236,SUCCESS,,0.000000,0.000000,0.000000,0.000000,0,0,0.000000,0.000000,0.000000,0.000000,0.000000,0.000000,0.000000
2026-07-02T20:10:26.585715500Z,threads,500,2,600,0,1,201.277000,2980.966529,9.703667,-7094551183460823236,SUCCESS,,0.000000,0.000000,0.000000,0.000000,0,0,0.000000,0.000000,0.000000,0.000000,0.000000,0.000000,0.000000
2026-07-02T20:10:26.585715500Z,threads,500,2,600,0,2,152.324300,3938.964433,9.402910,-7094551183460823236,SUCCESS,,0.000000,0.000000,0.000000,0.000000,0,0,0.000000,0.000000,0.000000,0.000000,0.000000,0.000000,0.000000
2026-07-02T20:10:26.585715500Z,threads,500,2,600,0,3,140.708000,4264.149871,10.179177,-7094551183460823236,SUCCESS,,0.000000,0.000000,0.000000,0.000000,0,0,0.000000,0.000000,0.000000,0.000000,0.000000,0.000000,0.000000
2026-07-02T20:10:26.585715500Z,threads,500,2,600,0,4,139.701600,4294.868491,7.456369,-7094551183460823236,SUCCESS,,0.000000,0.000000,0.000000,0.000000,0,0,0.000000,0.000000,0.000000,0.000000,0.000000,0.000000,0.000000
2026-07-02T20:10:26.585715500Z,threads,500,2,600,0,5,149.756700,4006.498541,8.694658,-7094551183460823236,SUCCESS,,0.000000,0.000000,0.000000,0.000000,0,0,0.000000,0.000000,0.000000,0.000000,0.000000,0.000000,0.000000
2026-07-02T20:10:26.585715500Z,threads,500,2,600,0,6,142.633400,4206.588359,8.215993,-7094551183460823236,SUCCESS,,0.000000,0.000000,0.000000,0.000000,0,0,0.000000,0.000000,0.000000,0.000000,0.000000,0.000000,0.000000
2026-07-02T20:10:26.585715500Z,threads,500,2,600,0,7,137.240500,4371.887307,10.436363,-7094551183460823236,SUCCESS,,0.000000,0.000000,0.000000,0.000000,0,0,0.000000,0.000000,0.000000,0.000000,0.000000,0.000000,0.000000
2026-07-02T20:10:27.799079800Z,threads,500,4,600,0,1,171.898000,3490.442006,12.877065,-7094551183460823236,SUCCESS,,0.000000,0.000000,0.000000,0.000000,0,0,0.000000,0.000000,0.000000,0.000000,0.000000,0.000000,0.000000
2026-07-02T20:10:27.799079800Z,threads,500,4,600,0,2,169.333900,3543.295229,9.996276,-7094551183460823236,SUCCESS,,0.000000,0.000000,0.000000,0.000000,0,0,0.000000,0.000000,0.000000,0.000000,0.000000,0.000000,0.000000
2026-07-02T20:10:27.799079800Z,threads,500,4,600,0,3,169.998400,3529.444983,13.020956,-7094551183460823236,SUCCESS,,0.000000,0.000000,0.000000,0.000000,0,0,0.000000,0.000000,0.000000,0.000000,0.000000,0.000000,0.000000
2026-07-02T20:10:27.799079800Z,threads,500,4,600,0,4,163.940400,3659.866634,15.884838,-7094551183460823236,SUCCESS,,0.000000,0.000000,0.000000,0.000000,0,0,0.000000,0.000000,0.000000,0.000000,0.000000,0.000000,0.000000
2026-07-02T20:10:27.799079800Z,threads,500,4,600,0,5,180.792700,3318.718068,9.362703,-7094551183460823236,SUCCESS,,0.000000,0.000000,0.000000,0.000000,0,0,0.000000,0.000000,0.000000,0.000000,0.000000,0.000000,0.000000
2026-07-02T20:10:27.799079800Z,threads,500,4,600,0,6,174.592600,3436.571768,9.695189,-7094551183460823236,SUCCESS,,0.000000,0.000000,0.000000,0.000000,0,0,0.000000,0.000000,0.000000,0.000000,0.000000,0.000000,0.000000
2026-07-02T20:10:27.799079800Z,threads,500,4,600,0,7,174.218100,3443.959038,11.958191,-7094551183460823236,SUCCESS,,0.000000,0.000000,0.000000,0.000000,0,0,0.000000,0.000000,0.000000,0.000000,0.000000,0.000000,0.000000
2026-07-02T20:10:29.199541500Z,threads,500,8,600,0,1,193.828800,3095.515218,12.763626,-7094551183460823236,SUCCESS,,0.000000,0.000000,0.000000,0.000000,0,0,0.000000,0.000000,0.000000,0.000000,0.000000,0.000000,0.000000
2026-07-02T20:10:29.199541500Z,threads,500,8,600,0,2,190.263500,3153.521301,22.583811,-7094551183460823236,SUCCESS,,0.000000,0.000000,0.000000,0.000000,0,0,0.000000,0.000000,0.000000,0.000000,0.000000,0.000000,0.000000
2026-07-02T20:10:29.199541500Z,threads,500,8,600,0,3,188.551800,3182.149415,16.573695,-7094551183460823236,SUCCESS,,0.000000,0.000000,0.000000,0.000000,0,0,0.000000,0.000000,0.000000,0.000000,0.000000,0.000000,0.000000
2026-07-02T20:10:29.199541500Z,threads,500,8,600,0,4,221.107300,2713.614612,8.833381,-7094551183460823236,SUCCESS,,0.000000,0.000000,0.000000,0.000000,0,0,0.000000,0.000000,0.000000,0.000000,0.000000,0.000000,0.000000
2026-07-02T20:10:29.199541500Z,threads,500,8,600,0,5,195.352200,3071.375700,15.996748,-7094551183460823236,SUCCESS,,0.000000,0.000000,0.000000,0.000000,0,0,0.000000,0.000000,0.000000,0.000000,0.000000,0.000000,0.000000
2026-07-02T20:10:29.199541500Z,threads,500,8,600,0,6,183.969900,3261.403088,15.570935,-7094551183460823236,SUCCESS,,0.000000,0.000000,0.000000,0.000000,0,0,0.000000,0.000000,0.000000,0.000000,0.000000,0.000000,0.000000
2026-07-02T20:10:29.199541500Z,threads,500,8,600,0,7,233.973100,2564.397360,11.130197,-7094551183460823236,SUCCESS,,0.000000,0.000000,0.000000,0.000000,0,0,0.000000,0.000000,0.000000,0.000000,0.000000,0.000000,0.000000
2026-07-02T20:10:30.926437800Z,threads,500,12,600,0,1,298.341000,2011.121502,12.656798,-7094551183460823236,SUCCESS,,0.000000,0.000000,0.000000,0.000000,0,0,0.000000,0.000000,0.000000,0.000000,0.000000,0.000000,0.000000
2026-07-02T20:10:30.926437800Z,threads,500,12,600,0,2,243.812400,2460.908469,22.964207,-7094551183460823236,SUCCESS,,0.000000,0.000000,0.000000,0.000000,0,0,0.000000,0.000000,0.000000,0.000000,0.000000,0.000000,0.000000
2026-07-02T20:10:30.926437800Z,threads,500,12,600,0,3,228.704100,2623.477235,19.926585,-7094551183460823236,SUCCESS,,0.000000,0.000000,0.000000,0.000000,0,0,0.000000,0.000000,0.000000,0.000000,0.000000,0.000000,0.000000
2026-07-02T20:10:30.926437800Z,threads,500,12,600,0,4,244.901100,2449.968579,21.798766,-7094551183460823236,SUCCESS,,0.000000,0.000000,0.000000,0.000000,0,0,0.000000,0.000000,0.000000,0.000000,0.000000,0.000000,0.000000
2026-07-02T20:10:30.926437800Z,threads,500,12,600,0,5,243.637200,2462.678113,16.033061,-7094551183460823236,SUCCESS,,0.000000,0.000000,0.000000,0.000000,0,0,0.000000,0.000000,0.000000,0.000000,0.000000,0.000000,0.000000
2026-07-02T20:10:30.926437800Z,threads,500,12,600,0,6,209.078200,2869.739648,14.323787,-7094551183460823236,SUCCESS,,0.000000,0.000000,0.000000,0.000000,0,0,0.000000,0.000000,0.000000,0.000000,0.000000,0.000000,0.000000
2026-07-02T20:10:30.926437800Z,threads,500,12,600,0,7,242.933800,2469.808647,23.583242,-7094551183460823236,SUCCESS,,0.000000,0.000000,0.000000,0.000000,0,0,0.000000,0.000000,0.000000,0.000000,0.000000,0.000000,0.000000
2026-07-02T20:10:32.481007100Z,threads,500,13,600,0,1,251.535900,2385.345392,17.600205,-7094551183460823236,SUCCESS,,0.000000,0.000000,0.000000,0.000000,0,0,0.000000,0.000000,0.000000,0.000000,0.000000,0.000000,0.000000
2026-07-02T20:10:32.481007100Z,threads,500,13,600,0,2,251.156900,2388.944918,12.442421,-7094551183460823236,SUCCESS,,0.000000,0.000000,0.000000,0.000000,0,0,0.000000,0.000000,0.000000,0.000000,0.000000,0.000000,0.000000
2026-07-02T20:10:32.481007100Z,threads,500,13,600,0,3,212.994900,2816.968857,14.671713,-7094551183460823236,SUCCESS,,0.000000,0.000000,0.000000,0.000000,0,0,0.000000,0.000000,0.000000,0.000000,0.000000,0.000000,0.000000
2026-07-02T20:10:32.481007100Z,threads,500,13,600,0,4,237.111500,2530.455081,20.867468,-7094551183460823236,SUCCESS,,0.000000,0.000000,0.000000,0.000000,0,0,0.000000,0.000000,0.000000,0.000000,0.000000,0.000000,0.000000
2026-07-02T20:10:32.481007100Z,threads,500,13,600,0,5,202.115800,2968.595231,20.615245,-7094551183460823236,SUCCESS,,0.000000,0.000000,0.000000,0.000000,0,0,0.000000,0.000000,0.000000,0.000000,0.000000,0.000000,0.000000
2026-07-02T20:10:32.481007100Z,threads,500,13,600,0,6,200.316500,2995.260001,13.000260,-7094551183460823236,SUCCESS,,0.000000,0.000000,0.000000,0.000000,0,0,0.000000,0.000000,0.000000,0.000000,0.000000,0.000000,0.000000
2026-07-02T20:10:32.481007100Z,threads,500,13,600,0,7,195.333000,3071.677597,11.998741,-7094551183460823236,SUCCESS,,0.000000,0.000000,0.000000,0.000000,0,0,0.000000,0.000000,0.000000,0.000000,0.000000,0.000000,0.000000
2026-07-02T20:10:33.310147400Z,executor,500,1,600,0,1,117.010900,5127.727417,8.902305,-7094551183460823236,SUCCESS,,0.000000,0.000000,0.000000,0.000000,0,0,0.000000,0.000000,0.000000,0.000000,0.000000,0.000000,0.000000
2026-07-02T20:10:33.310147400Z,executor,500,1,600,0,2,116.425100,5153.527890,7.828710,-7094551183460823236,SUCCESS,,0.000000,0.000000,0.000000,0.000000,0,0,0.000000,0.000000,0.000000,0.000000,0.000000,0.000000,0.000000
2026-07-02T20:10:33.310147400Z,executor,500,1,600,0,3,118.920100,5045.404435,8.759383,-7094551183460823236,SUCCESS,,0.000000,0.000000,0.000000,0.000000,0,0,0.000000,0.000000,0.000000,0.000000,0.000000,0.000000,0.000000
2026-07-02T20:10:33.310147400Z,executor,500,1,600,0,4,120.630300,4973.874723,6.476399,-7094551183460823236,SUCCESS,,0.000000,0.000000,0.000000,0.000000,0,0,0.000000,0.000000,0.000000,0.000000,0.000000,0.000000,0.000000
2026-07-02T20:10:33.310147400Z,executor,500,1,600,0,5,118.999000,5042.059177,7.659378,-7094551183460823236,SUCCESS,,0.000000,0.000000,0.000000,0.000000,0,0,0.000000,0.000000,0.000000,0.000000,0.000000,0.000000,0.000000
2026-07-02T20:10:33.310147400Z,executor,500,1,600,0,6,116.828400,5135.737543,8.916211,-7094551183460823236,SUCCESS,,0.000000,0.000000,0.000000,0.000000,0,0,0.000000,0.000000,0.000000,0.000000,0.000000,0.000000,0.000000
2026-07-02T20:10:33.310147400Z,executor,500,1,600,0,7,116.961300,5129.901942,7.792820,-7094551183460823236,SUCCESS,,0.000000,0.000000,0.000000,0.000000,0,0,0.000000,0.000000,0.000000,0.000000,0.000000,0.000000,0.000000
2026-07-02T20:10:34.251896100Z,executor,500,2,600,0,1,126.809000,4731.525365,10.268067,-7094551183460823236,SUCCESS,,0.000000,0.000000,0.000000,0.000000,0,0,0.000000,0.000000,0.000000,0.000000,0.000000,0.000000,0.000000
2026-07-02T20:10:34.251896100Z,executor,500,2,600,0,2,126.265500,4751.891847,12.374718,-7094551183460823236,SUCCESS,,0.000000,0.000000,0.000000,0.000000,0,0,0.000000,0.000000,0.000000,0.000000,0.000000,0.000000,0.000000
2026-07-02T20:10:34.251896100Z,executor,500,2,600,0,3,134.331600,4466.558874,7.754442,-7094551183460823236,SUCCESS,,0.000000,0.000000,0.000000,0.000000,0,0,0.000000,0.000000,0.000000,0.000000,0.000000,0.000000,0.000000
2026-07-02T20:10:34.251896100Z,executor,500,2,600,0,4,136.382900,4399.378514,12.411441,-7094551183460823236,SUCCESS,,0.000000,0.000000,0.000000,0.000000,0,0,0.000000,0.000000,0.000000,0.000000,0.000000,0.000000,0.000000
2026-07-02T20:10:34.251896100Z,executor,500,2,600,0,5,142.042700,4224.081913,8.250160,-7094551183460823236,SUCCESS,,0.000000,0.000000,0.000000,0.000000,0,0,0.000000,0.000000,0.000000,0.000000,0.000000,0.000000,0.000000
2026-07-02T20:10:34.251896100Z,executor,500,2,600,0,6,143.531000,4180.281612,8.164613,-7094551183460823236,SUCCESS,,0.000000,0.000000,0.000000,0.000000,0,0,0.000000,0.000000,0.000000,0.000000,0.000000,0.000000,0.000000
2026-07-02T20:10:34.251896100Z,executor,500,2,600,0,7,129.269500,4641.466084,9.065363,-7094551183460823236,SUCCESS,,0.000000,0.000000,0.000000,0.000000,0,0,0.000000,0.000000,0.000000,0.000000,0.000000,0.000000,0.000000
2026-07-02T20:10:35.399931900Z,executor,500,4,600,0,1,150.818800,3978.283874,6.906743,-7094551183460823236,SUCCESS,,0.000000,0.000000,0.000000,0.000000,0,0,0.000000,0.000000,0.000000,0.000000,0.000000,0.000000,0.000000
2026-07-02T20:10:35.399931900Z,executor,500,4,600,0,2,162.100000,3701.418877,14.458667,-7094551183460823236,SUCCESS,,0.000000,0.000000,0.000000,0.000000,0,0,0.000000,0.000000,0.000000,0.000000,0.000000,0.000000,0.000000
2026-07-02T20:10:35.399931900Z,executor,500,4,600,0,3,158.335800,3789.414649,11.512979,-7094551183460823236,SUCCESS,,0.000000,0.000000,0.000000,0.000000,0,0,0.000000,0.000000,0.000000,0.000000,0.000000,0.000000,0.000000
2026-07-02T20:10:35.399931900Z,executor,500,4,600,0,4,159.315300,3766.116625,12.259494,-7094551183460823236,SUCCESS,,0.000000,0.000000,0.000000,0.000000,0,0,0.000000,0.000000,0.000000,0.000000,0.000000,0.000000,0.000000
2026-07-02T20:10:35.399931900Z,executor,500,4,600,0,5,148.135500,4050.345798,10.547776,-7094551183460823236,SUCCESS,,0.000000,0.000000,0.000000,0.000000,0,0,0.000000,0.000000,0.000000,0.000000,0.000000,0.000000,0.000000
2026-07-02T20:10:35.399931900Z,executor,500,4,600,0,6,181.809600,3300.155767,17.188311,-7094551183460823236,SUCCESS,,0.000000,0.000000,0.000000,0.000000,0,0,0.000000,0.000000,0.000000,0.000000,0.000000,0.000000,0.000000
2026-07-02T20:10:35.399931900Z,executor,500,4,600,0,7,184.469500,3252.570208,11.293647,-7094551183460823236,SUCCESS,,0.000000,0.000000,0.000000,0.000000,0,0,0.000000,0.000000,0.000000,0.000000,0.000000,0.000000,0.000000
2026-07-02T20:10:36.571583Z,executor,500,8,600,0,1,194.230400,3089.114783,10.726093,-7094551183460823236,SUCCESS,,0.000000,0.000000,0.000000,0.000000,0,0,0.000000,0.000000,0.000000,0.000000,0.000000,0.000000,0.000000
2026-07-02T20:10:36.571583Z,executor,500,8,600,0,2,160.898800,3729.052050,13.757353,-7094551183460823236,SUCCESS,,0.000000,0.000000,0.000000,0.000000,0,0,0.000000,0.000000,0.000000,0.000000,0.000000,0.000000,0.000000
2026-07-02T20:10:36.571583Z,executor,500,8,600,0,3,172.212900,3484.059557,11.341340,-7094551183460823236,SUCCESS,,0.000000,0.000000,0.000000,0.000000,0,0,0.000000,0.000000,0.000000,0.000000,0.000000,0.000000,0.000000
2026-07-02T20:10:36.571583Z,executor,500,8,600,0,4,169.641900,3536.862061,13.815867,-7094551183460823236,SUCCESS,,0.000000,0.000000,0.000000,0.000000,0,0,0.000000,0.000000,0.000000,0.000000,0.000000,0.000000,0.000000
2026-07-02T20:10:36.571583Z,executor,500,8,600,0,5,163.725100,3664.679392,8.748150,-7094551183460823236,SUCCESS,,0.000000,0.000000,0.000000,0.000000,0,0,0.000000,0.000000,0.000000,0.000000,0.000000,0.000000,0.000000
2026-07-02T20:10:36.571583Z,executor,500,8,600,0,6,156.131100,3842.924312,14.177455,-7094551183460823236,SUCCESS,,0.000000,0.000000,0.000000,0.000000,0,0,0.000000,0.000000,0.000000,0.000000,0.000000,0.000000,0.000000
2026-07-02T20:10:36.571583Z,executor,500,8,600,0,7,151.336100,3964.685227,16.347443,-7094551183460823236,SUCCESS,,0.000000,0.000000,0.000000,0.000000,0,0,0.000000,0.000000,0.000000,0.000000,0.000000,0.000000,0.000000
2026-07-02T20:10:37.709747800Z,executor,500,12,600,0,1,154.666500,3879.314525,9.260516,-7094551183460823236,SUCCESS,,0.000000,0.000000,0.000000,0.000000,0,0,0.000000,0.000000,0.000000,0.000000,0.000000,0.000000,0.000000
2026-07-02T20:10:37.709747800Z,executor,500,12,600,0,2,154.480600,3883.982843,15.171808,-7094551183460823236,SUCCESS,,0.000000,0.000000,0.000000,0.000000,0,0,0.000000,0.000000,0.000000,0.000000,0.000000,0.000000,0.000000
2026-07-02T20:10:37.709747800Z,executor,500,12,600,0,3,156.118500,3843.234466,12.510529,-7094551183460823236,SUCCESS,,0.000000,0.000000,0.000000,0.000000,0,0,0.000000,0.000000,0.000000,0.000000,0.000000,0.000000,0.000000
2026-07-02T20:10:37.709747800Z,executor,500,12,600,0,4,157.932700,3799.086573,14.015727,-7094551183460823236,SUCCESS,,0.000000,0.000000,0.000000,0.000000,0,0,0.000000,0.000000,0.000000,0.000000,0.000000,0.000000,0.000000
2026-07-02T20:10:37.709747800Z,executor,500,12,600,0,5,168.424300,3562.431312,14.688844,-7094551183460823236,SUCCESS,,0.000000,0.000000,0.000000,0.000000,0,0,0.000000,0.000000,0.000000,0.000000,0.000000,0.000000,0.000000
2026-07-02T20:10:37.709747800Z,executor,500,12,600,0,6,170.354700,3522.063084,13.758059,-7094551183460823236,SUCCESS,,0.000000,0.000000,0.000000,0.000000,0,0,0.000000,0.000000,0.000000,0.000000,0.000000,0.000000,0.000000
2026-07-02T20:10:37.709747800Z,executor,500,12,600,0,7,172.110000,3486.142583,18.913534,-7094551183460823236,SUCCESS,,0.000000,0.000000,0.000000,0.000000,0,0,0.000000,0.000000,0.000000,0.000000,0.000000,0.000000,0.000000
2026-07-02T20:10:38.910288200Z,executor,500,13,600,0,1,158.950300,3774.764816,9.830117,-7094551183460823236,SUCCESS,,0.000000,0.000000,0.000000,0.000000,0,0,0.000000,0.000000,0.000000,0.000000,0.000000,0.000000,0.000000
2026-07-02T20:10:38.910288200Z,executor,500,13,600,0,2,179.751600,3337.939690,18.109482,-7094551183460823236,SUCCESS,,0.000000,0.000000,0.000000,0.000000,0,0,0.000000,0.000000,0.000000,0.000000,0.000000,0.000000,0.000000
2026-07-02T20:10:38.910288200Z,executor,500,13,600,0,3,166.444900,3604.796542,13.298946,-7094551183460823236,SUCCESS,,0.000000,0.000000,0.000000,0.000000,0,0,0.000000,0.000000,0.000000,0.000000,0.000000,0.000000,0.000000
2026-07-02T20:10:38.910288200Z,executor,500,13,600,0,4,162.535000,3691.512597,15.221081,-7094551183460823236,SUCCESS,,0.000000,0.000000,0.000000,0.000000,0,0,0.000000,0.000000,0.000000,0.000000,0.000000,0.000000,0.000000
2026-07-02T20:10:38.910288200Z,executor,500,13,600,0,5,184.412500,3253.575544,12.709279,-7094551183460823236,SUCCESS,,0.000000,0.000000,0.000000,0.000000,0,0,0.000000,0.000000,0.000000,0.000000,0.000000,0.000000,0.000000
2026-07-02T20:10:38.910288200Z,executor,500,13,600,0,6,166.858200,3595.867629,10.924945,-7094551183460823236,SUCCESS,,0.000000,0.000000,0.000000,0.000000,0,0,0.000000,0.000000,0.000000,0.000000,0.000000,0.000000,0.000000
2026-07-02T20:10:38.910288200Z,executor,500,13,600,0,7,177.473500,3380.786427,13.939875,-7094551183460823236,SUCCESS,,0.000000,0.000000,0.000000,0.000000,0,0,0.000000,0.000000,0.000000,0.000000,0.000000,0.000000,0.000000
2026-07-02T20:10:39.838456100Z,sequential,1000,1,600,0,1,133.119400,4507.231854,8.803187,7223592292179796556,SUCCESS,,0.000000,0.000000,0.000000,0.000000,0,0,0.000000,0.000000,0.000000,0.000000,0.000000,0.000000,0.000000
2026-07-02T20:10:39.838456100Z,sequential,1000,1,600,0,2,132.426800,4530.804943,7.865981,7223592292179796556,SUCCESS,,0.000000,0.000000,0.000000,0.000000,0,0,0.000000,0.000000,0.000000,0.000000,0.000000,0.000000,0.000000
2026-07-02T20:10:39.838456100Z,sequential,1000,1,600,0,3,128.693900,4662.225638,8.094142,7223592292179796556,SUCCESS,,0.000000,0.000000,0.000000,0.000000,0,0,0.000000,0.000000,0.000000,0.000000,0.000000,0.000000,0.000000
2026-07-02T20:10:39.838456100Z,sequential,1000,1,600,0,4,129.478400,4633.977559,8.045100,7223592292179796556,SUCCESS,,0.000000,0.000000,0.000000,0.000000,0,0,0.000000,0.000000,0.000000,0.000000,0.000000,0.000000,0.000000
2026-07-02T20:10:39.838456100Z,sequential,1000,1,600,0,5,134.920700,4447.056678,8.685658,7223592292179796556,SUCCESS,,0.000000,0.000000,0.000000,0.000000,0,0,0.000000,0.000000,0.000000,0.000000,0.000000,0.000000,0.000000
2026-07-02T20:10:39.838456100Z,sequential,1000,1,600,0,6,133.916500,4480.403834,7.778479,7223592292179796556,SUCCESS,,0.000000,0.000000,0.000000,0.000000,0,0,0.000000,0.000000,0.000000,0.000000,0.000000,0.000000,0.000000
2026-07-02T20:10:39.838456100Z,sequential,1000,1,600,0,7,133.764600,4485.491677,8.760726,7223592292179796556,SUCCESS,,0.000000,0.000000,0.000000,0.000000,0,0,0.000000,0.000000,0.000000,0.000000,0.000000,0.000000,0.000000
2026-07-02T20:10:42.079987300Z,threads,1000,1,600,0,1,309.551500,1938.288136,8.412709,7223592292179796556,SUCCESS,,0.000000,0.000000,0.000000,0.000000,0,0,0.000000,0.000000,0.000000,0.000000,0.000000,0.000000,0.000000
2026-07-02T20:10:42.079987300Z,threads,1000,1,600,0,2,334.601800,1793.176247,8.172027,7223592292179796556,SUCCESS,,0.000000,0.000000,0.000000,0.000000,0,0,0.000000,0.000000,0.000000,0.000000,0.000000,0.000000,0.000000
2026-07-02T20:10:42.079987300Z,threads,1000,1,600,0,3,356.131900,1684.769042,9.140457,7223592292179796556,SUCCESS,,0.000000,0.000000,0.000000,0.000000,0,0,0.000000,0.000000,0.000000,0.000000,0.000000,0.000000,0.000000
2026-07-02T20:10:42.079987300Z,threads,1000,1,600,0,4,315.393800,1902.383623,7.431186,7223592292179796556,SUCCESS,,0.000000,0.000000,0.000000,0.000000,0,0,0.000000,0.000000,0.000000,0.000000,0.000000,0.000000,0.000000
2026-07-02T20:10:42.079987300Z,threads,1000,1,600,0,5,306.678500,1956.446246,8.916096,7223592292179796556,SUCCESS,,0.000000,0.000000,0.000000,0.000000,0,0,0.000000,0.000000,0.000000,0.000000,0.000000,0.000000,0.000000
2026-07-02T20:10:42.079987300Z,threads,1000,1,600,0,6,320.058500,1874.657289,7.729707,7223592292179796556,SUCCESS,,0.000000,0.000000,0.000000,0.000000,0,0,0.000000,0.000000,0.000000,0.000000,0.000000,0.000000,0.000000
2026-07-02T20:10:42.079987300Z,threads,1000,1,600,0,7,307.223200,1952.977510,7.628818,7223592292179796556,SUCCESS,,0.000000,0.000000,0.000000,0.000000,0,0,0.000000,0.000000,0.000000,0.000000,0.000000,0.000000,0.000000
2026-07-02T20:10:44.118602100Z,threads,1000,2,600,0,1,287.471000,2087.167053,10.417717,7223592292179796556,SUCCESS,,0.000000,0.000000,0.000000,0.000000,0,0,0.000000,0.000000,0.000000,0.000000,0.000000,0.000000,0.000000
2026-07-02T20:10:44.118602100Z,threads,1000,2,600,0,2,282.239400,2125.854859,10.610821,7223592292179796556,SUCCESS,,0.000000,0.000000,0.000000,0.000000,0,0,0.000000,0.000000,0.000000,0.000000,0.000000,0.000000,0.000000
2026-07-02T20:10:44.118602100Z,threads,1000,2,600,0,3,280.325600,2140.368200,15.792647,7223592292179796556,SUCCESS,,0.000000,0.000000,0.000000,0.000000,0,0,0.000000,0.000000,0.000000,0.000000,0.000000,0.000000,0.000000
2026-07-02T20:10:44.118602100Z,threads,1000,2,600,0,4,284.617100,2108.095403,10.064692,7223592292179796556,SUCCESS,,0.000000,0.000000,0.000000,0.000000,0,0,0.000000,0.000000,0.000000,0.000000,0.000000,0.000000,0.000000
2026-07-02T20:10:44.118602100Z,threads,1000,2,600,0,5,282.625000,2122.954445,10.596344,7223592292179796556,SUCCESS,,0.000000,0.000000,0.000000,0.000000,0,0,0.000000,0.000000,0.000000,0.000000,0.000000,0.000000,0.000000
2026-07-02T20:10:44.118602100Z,threads,1000,2,600,0,6,286.406700,2094.923059,10.456430,7223592292179796556,SUCCESS,,0.000000,0.000000,0.000000,0.000000,0,0,0.000000,0.000000,0.000000,0.000000,0.000000,0.000000,0.000000
2026-07-02T20:10:44.118602100Z,threads,1000,2,600,0,7,319.127000,1880.129228,9.384326,7223592292179796556,SUCCESS,,0.000000,0.000000,0.000000,0.000000,0,0,0.000000,0.000000,0.000000,0.000000,0.000000,0.000000,0.000000
2026-07-02T20:10:46.372725300Z,threads,1000,4,600,0,1,309.381600,1939.352567,10.942528,7223592292179796556,SUCCESS,,0.000000,0.000000,0.000000,0.000000,0,0,0.000000,0.000000,0.000000,0.000000,0.000000,0.000000,0.000000
2026-07-02T20:10:46.372725300Z,threads,1000,4,600,0,2,311.546500,1925.876234,11.702373,7223592292179796556,SUCCESS,,0.000000,0.000000,0.000000,0.000000,0,0,0.000000,0.000000,0.000000,0.000000,0.000000,0.000000,0.000000
2026-07-02T20:10:46.372725300Z,threads,1000,4,600,0,3,306.407400,1958.177250,13.598453,7223592292179796556,SUCCESS,,0.000000,0.000000,0.000000,0.000000,0,0,0.000000,0.000000,0.000000,0.000000,0.000000,0.000000,0.000000
2026-07-02T20:10:46.372725300Z,threads,1000,4,600,0,4,343.852500,1744.934238,11.360249,7223592292179796556,SUCCESS,,0.000000,0.000000,0.000000,0.000000,0,0,0.000000,0.000000,0.000000,0.000000,0.000000,0.000000,0.000000
2026-07-02T20:10:46.372725300Z,threads,1000,4,600,0,5,320.222200,1873.698950,13.011798,7223592292179796556,SUCCESS,,0.000000,0.000000,0.000000,0.000000,0,0,0.000000,0.000000,0.000000,0.000000,0.000000,0.000000,0.000000
2026-07-02T20:10:46.372725300Z,threads,1000,4,600,0,6,346.070500,1733.750782,10.911192,7223592292179796556,SUCCESS,,0.000000,0.000000,0.000000,0.000000,0,0,0.000000,0.000000,0.000000,0.000000,0.000000,0.000000,0.000000
2026-07-02T20:10:46.372725300Z,threads,1000,4,600,0,7,313.600900,1913.259815,12.456119,7223592292179796556,SUCCESS,,0.000000,0.000000,0.000000,0.000000,0,0,0.000000,0.000000,0.000000,0.000000,0.000000,0.000000,0.000000
2026-07-02T20:10:48.753762200Z,threads,1000,8,600,0,1,331.562300,1809.614664,15.315749,7223592292179796556,SUCCESS,,0.000000,0.000000,0.000000,0.000000,0,0,0.000000,0.000000,0.000000,0.000000,0.000000,0.000000,0.000000
2026-07-02T20:10:48.753762200Z,threads,1000,8,600,0,2,356.239700,1684.259222,8.041168,7223592292179796556,SUCCESS,,0.000000,0.000000,0.000000,0.000000,0,0,0.000000,0.000000,0.000000,0.000000,0.000000,0.000000,0.000000
2026-07-02T20:10:48.753762200Z,threads,1000,8,600,0,3,339.488900,1767.362644,14.574605,7223592292179796556,SUCCESS,,0.000000,0.000000,0.000000,0.000000,0,0,0.000000,0.000000,0.000000,0.000000,0.000000,0.000000,0.000000
2026-07-02T20:10:48.753762200Z,threads,1000,8,600,0,4,341.138900,1758.814372,14.504112,7223592292179796556,SUCCESS,,0.000000,0.000000,0.000000,0.000000,0,0,0.000000,0.000000,0.000000,0.000000,0.000000,0.000000,0.000000
2026-07-02T20:10:48.753762200Z,threads,1000,8,600,0,5,342.682100,1750.893904,11.779017,7223592292179796556,SUCCESS,,0.000000,0.000000,0.000000,0.000000,0,0,0.000000,0.000000,0.000000,0.000000,0.000000,0.000000,0.000000
2026-07-02T20:10:48.753762200Z,threads,1000,8,600,0,6,342.572200,1751.455606,12.923067,7223592292179796556,SUCCESS,,0.000000,0.000000,0.000000,0.000000,0,0,0.000000,0.000000,0.000000,0.000000,0.000000,0.000000,0.000000
2026-07-02T20:10:48.753762200Z,threads,1000,8,600,0,7,324.373200,1849.721247,11.641041,7223592292179796556,SUCCESS,,0.000000,0.000000,0.000000,0.000000,0,0,0.000000,0.000000,0.000000,0.000000,0.000000,0.000000,0.000000
2026-07-02T20:10:51.349985400Z,threads,1000,12,600,0,1,352.762600,1700.860579,14.395304,7223592292179796556,SUCCESS,,0.000000,0.000000,0.000000,0.000000,0,0,0.000000,0.000000,0.000000,0.000000,0.000000,0.000000,0.000000
2026-07-02T20:10:51.349985400Z,threads,1000,12,600,0,2,356.176300,1684.559023,21.568790,7223592292179796556,SUCCESS,,0.000000,0.000000,0.000000,0.000000,0,0,0.000000,0.000000,0.000000,0.000000,0.000000,0.000000,0.000000
2026-07-02T20:10:51.349985400Z,threads,1000,12,600,0,3,356.675100,1682.203215,17.522950,7223592292179796556,SUCCESS,,0.000000,0.000000,0.000000,0.000000,0,0,0.000000,0.000000,0.000000,0.000000,0.000000,0.000000,0.000000
2026-07-02T20:10:51.349985400Z,threads,1000,12,600,0,4,361.063900,1661.755717,15.146211,7223592292179796556,SUCCESS,,0.000000,0.000000,0.000000,0.000000,0,0,0.000000,0.000000,0.000000,0.000000,0.000000,0.000000,0.000000
2026-07-02T20:10:51.349985400Z,threads,1000,12,600,0,5,383.734500,1563.581070,20.019810,7223592292179796556,SUCCESS,,0.000000,0.000000,0.000000,0.000000,0,0,0.000000,0.000000,0.000000,0.000000,0.000000,0.000000,0.000000
2026-07-02T20:10:51.349985400Z,threads,1000,12,600,0,6,401.495100,1494.414253,13.945272,7223592292179796556,SUCCESS,,0.000000,0.000000,0.000000,0.000000,0,0,0.000000,0.000000,0.000000,0.000000,0.000000,0.000000,0.000000
2026-07-02T20:10:51.349985400Z,threads,1000,12,600,0,7,381.403100,1573.138761,23.556114,7223592292179796556,SUCCESS,,0.000000,0.000000,0.000000,0.000000,0,0,0.000000,0.000000,0.000000,0.000000,0.000000,0.000000,0.000000
2026-07-02T20:10:53.947592500Z,threads,1000,13,600,0,1,387.218200,1549.513943,19.503431,7223592292179796556,SUCCESS,,0.000000,0.000000,0.000000,0.000000,0,0,0.000000,0.000000,0.000000,0.000000,0.000000,0.000000,0.000000
2026-07-02T20:10:53.947592500Z,threads,1000,13,600,0,2,377.536600,1589.249890,14.140461,7223592292179796556,SUCCESS,,0.000000,0.000000,0.000000,0.000000,0,0,0.000000,0.000000,0.000000,0.000000,0.000000,0.000000,0.000000
2026-07-02T20:10:53.947592500Z,threads,1000,13,600,0,3,369.178200,1625.231392,13.402516,7223592292179796556,SUCCESS,,0.000000,0.000000,0.000000,0.000000,0,0,0.000000,0.000000,0.000000,0.000000,0.000000,0.000000,0.000000
2026-07-02T20:10:53.947592500Z,threads,1000,13,600,0,4,361.137800,1661.415670,21.633017,7223592292179796556,SUCCESS,,0.000000,0.000000,0.000000,0.000000,0,0,0.000000,0.000000,0.000000,0.000000,0.000000,0.000000,0.000000
2026-07-02T20:10:53.947592500Z,threads,1000,13,600,0,5,372.503600,1610.722688,16.428812,7223592292179796556,SUCCESS,,0.000000,0.000000,0.000000,0.000000,0,0,0.000000,0.000000,0.000000,0.000000,0.000000,0.000000,0.000000
2026-07-02T20:10:53.947592500Z,threads,1000,13,600,0,6,367.787500,1631.376814,16.639477,7223592292179796556,SUCCESS,,0.000000,0.000000,0.000000,0.000000,0,0,0.000000,0.000000,0.000000,0.000000,0.000000,0.000000,0.000000
2026-07-02T20:10:53.947592500Z,threads,1000,13,600,0,7,359.044800,1671.100654,14.143430,7223592292179796556,SUCCESS,,0.000000,0.000000,0.000000,0.000000,0,0,0.000000,0.000000,0.000000,0.000000,0.000000,0.000000,0.000000
2026-07-02T20:10:55.899777100Z,executor,1000,1,600,0,1,262.028400,2289.828126,7.950792,7223592292179796556,SUCCESS,,0.000000,0.000000,0.000000,0.000000,0,0,0.000000,0.000000,0.000000,0.000000,0.000000,0.000000,0.000000
2026-07-02T20:10:55.899777100Z,executor,1000,1,600,0,2,278.809000,2152.010875,8.406292,7223592292179796556,SUCCESS,,0.000000,0.000000,0.000000,0.000000,0,0,0.000000,0.000000,0.000000,0.000000,0.000000,0.000000,0.000000
2026-07-02T20:10:55.899777100Z,executor,1000,1,600,0,3,281.408000,2132.135547,8.328654,7223592292179796556,SUCCESS,,0.000000,0.000000,0.000000,0.000000,0,0,0.000000,0.000000,0.000000,0.000000,0.000000,0.000000,0.000000
2026-07-02T20:10:55.899777100Z,executor,1000,1,600,0,4,274.399600,2186.592109,7.592334,7223592292179796556,SUCCESS,,0.000000,0.000000,0.000000,0.000000,0,0,0.000000,0.000000,0.000000,0.000000,0.000000,0.000000,0.000000
2026-07-02T20:10:55.899777100Z,executor,1000,1,600,0,5,300.796600,1994.703398,8.657567,7223592292179796556,SUCCESS,,0.000000,0.000000,0.000000,0.000000,0,0,0.000000,0.000000,0.000000,0.000000,0.000000,0.000000,0.000000
2026-07-02T20:10:55.899777100Z,executor,1000,1,600,0,6,273.644700,2192.624231,8.089108,7223592292179796556,SUCCESS,,0.000000,0.000000,0.000000,0.000000,0,0,0.000000,0.000000,0.000000,0.000000,0.000000,0.000000,0.000000
2026-07-02T20:10:55.899777100Z,executor,1000,1,600,0,7,277.768000,2160.076035,8.437797,7223592292179796556,SUCCESS,,0.000000,0.000000,0.000000,0.000000,0,0,0.000000,0.000000,0.000000,0.000000,0.000000,0.000000,0.000000
2026-07-02T20:10:57.960833400Z,executor,1000,2,600,0,1,330.985800,1812.766590,11.801866,7223592292179796556,SUCCESS,,0.000000,0.000000,0.000000,0.000000,0,0,0.000000,0.000000,0.000000,0.000000,0.000000,0.000000,0.000000
2026-07-02T20:10:57.960833400Z,executor,1000,2,600,0,2,288.734100,2078.036505,9.921181,7223592292179796556,SUCCESS,,0.000000,0.000000,0.000000,0.000000,0,0,0.000000,0.000000,0.000000,0.000000,0.000000,0.000000,0.000000
2026-07-02T20:10:57.960833400Z,executor,1000,2,600,0,3,286.608200,2093.450222,8.631848,7223592292179796556,SUCCESS,,0.000000,0.000000,0.000000,0.000000,0,0,0.000000,0.000000,0.000000,0.000000,0.000000,0.000000,0.000000
2026-07-02T20:10:57.960833400Z,executor,1000,2,600,0,4,297.880300,2014.231891,8.305210,7223592292179796556,SUCCESS,,0.000000,0.000000,0.000000,0.000000,0,0,0.000000,0.000000,0.000000,0.000000,0.000000,0.000000,0.000000
2026-07-02T20:10:57.960833400Z,executor,1000,2,600,0,5,284.523000,2108.792611,8.695108,7223592292179796556,SUCCESS,,0.000000,0.000000,0.000000,0.000000,0,0,0.000000,0.000000,0.000000,0.000000,0.000000,0.000000,0.000000
2026-07-02T20:10:57.960833400Z,executor,1000,2,600,0,6,284.298400,2110.458589,10.533973,7223592292179796556,SUCCESS,,0.000000,0.000000,0.000000,0.000000,0,0,0.000000,0.000000,0.000000,0.000000,0.000000,0.000000,0.000000
2026-07-02T20:10:57.960833400Z,executor,1000,2,600,0,7,285.402100,2102.297075,9.580781,7223592292179796556,SUCCESS,,0.000000,0.000000,0.000000,0.000000,0,0,0.000000,0.000000,0.000000,0.000000,0.000000,0.000000,0.000000
2026-07-02T20:11:00.063330400Z,executor,1000,4,600,0,1,304.537000,1970.203949,11.544164,7223592292179796556,SUCCESS,,0.000000,0.000000,0.000000,0.000000,0,0,0.000000,0.000000,0.000000,0.000000,0.000000,0.000000,0.000000
2026-07-02T20:11:00.063330400Z,executor,1000,4,600,0,2,294.494000,2037.392952,10.611422,7223592292179796556,SUCCESS,,0.000000,0.000000,0.000000,0.000000,0,0,0.000000,0.000000,0.000000,0.000000,0.000000,0.000000,0.000000
2026-07-02T20:11:00.063330400Z,executor,1000,4,600,0,3,297.668100,2015.667786,8.311130,7223592292179796556,SUCCESS,,0.000000,0.000000,0.000000,0.000000,0,0,0.000000,0.000000,0.000000,0.000000,0.000000,0.000000,0.000000
2026-07-02T20:11:00.063330400Z,executor,1000,4,600,0,4,302.454200,1983.771427,10.762649,7223592292179796556,SUCCESS,,0.000000,0.000000,0.000000,0.000000,0,0,0.000000,0.000000,0.000000,0.000000,0.000000,0.000000,0.000000
2026-07-02T20:11:00.063330400Z,executor,1000,4,600,0,5,301.674800,1988.896653,9.495600,7223592292179796556,SUCCESS,,0.000000,0.000000,0.000000,0.000000,0,0,0.000000,0.000000,0.000000,0.000000,0.000000,0.000000,0.000000
2026-07-02T20:11:00.063330400Z,executor,1000,4,600,0,6,296.661900,2022.504407,11.850612,7223592292179796556,SUCCESS,,0.000000,0.000000,0.000000,0.000000,0,0,0.000000,0.000000,0.000000,0.000000,0.000000,0.000000,0.000000
2026-07-02T20:11:00.063330400Z,executor,1000,4,600,0,7,301.522000,1989.904551,11.227760,7223592292179796556,SUCCESS,,0.000000,0.000000,0.000000,0.000000,0,0,0.000000,0.000000,0.000000,0.000000,0.000000,0.000000,0.000000
2026-07-02T20:11:02.305696500Z,executor,1000,8,600,0,1,332.173800,1806.283337,10.975680,7223592292179796556,SUCCESS,,0.000000,0.000000,0.000000,0.000000,0,0,0.000000,0.000000,0.000000,0.000000,0.000000,0.000000,0.000000
2026-07-02T20:11:02.305696500Z,executor,1000,8,600,0,2,296.721100,2022.100889,10.092951,7223592292179796556,SUCCESS,,0.000000,0.000000,0.000000,0.000000,0,0,0.000000,0.000000,0.000000,0.000000,0.000000,0.000000,0.000000
2026-07-02T20:11:02.305696500Z,executor,1000,8,600,0,3,299.338300,2004.421085,13.484604,7223592292179796556,SUCCESS,,0.000000,0.000000,0.000000,0.000000,0,0,0.000000,0.000000,0.000000,0.000000,0.000000,0.000000,0.000000
2026-07-02T20:11:02.305696500Z,executor,1000,8,600,0,4,346.548100,1731.361390,12.023343,7223592292179796556,SUCCESS,,0.000000,0.000000,0.000000,0.000000,0,0,0.000000,0.000000,0.000000,0.000000,0.000000,0.000000,0.000000
2026-07-02T20:11:02.305696500Z,executor,1000,8,600,0,5,363.866200,1648.957776,11.093249,7223592292179796556,SUCCESS,,0.000000,0.000000,0.000000,0.000000,0,0,0.000000,0.000000,0.000000,0.000000,0.000000,0.000000,0.000000
2026-07-02T20:11:02.305696500Z,executor,1000,8,600,0,6,303.016200,1980.092153,12.031810,7223592292179796556,SUCCESS,,0.000000,0.000000,0.000000,0.000000,0,0,0.000000,0.000000,0.000000,0.000000,0.000000,0.000000,0.000000
2026-07-02T20:11:02.305696500Z,executor,1000,8,600,0,7,298.534400,2009.818634,10.031647,7223592292179796556,SUCCESS,,0.000000,0.000000,0.000000,0.000000,0,0,0.000000,0.000000,0.000000,0.000000,0.000000,0.000000,0.000000
2026-07-02T20:11:04.683901100Z,executor,1000,12,600,0,1,330.932600,1813.058006,10.229928,7223592292179796556,SUCCESS,,0.000000,0.000000,0.000000,0.000000,0,0,0.000000,0.000000,0.000000,0.000000,0.000000,0.000000,0.000000
2026-07-02T20:11:04.683901100Z,executor,1000,12,600,0,2,337.486100,1777.850999,10.802914,7223592292179796556,SUCCESS,,0.000000,0.000000,0.000000,0.000000,0,0,0.000000,0.000000,0.000000,0.000000,0.000000,0.000000,0.000000
2026-07-02T20:11:04.683901100Z,executor,1000,12,600,0,3,337.168400,1779.526195,10.426911,7223592292179796556,SUCCESS,,0.000000,0.000000,0.000000,0.000000,0,0,0.000000,0.000000,0.000000,0.000000,0.000000,0.000000,0.000000
2026-07-02T20:11:04.683901100Z,executor,1000,12,600,0,4,342.063100,1754.062335,15.606891,7223592292179796556,SUCCESS,,0.000000,0.000000,0.000000,0.000000,0,0,0.000000,0.000000,0.000000,0.000000,0.000000,0.000000,0.000000
2026-07-02T20:11:04.683901100Z,executor,1000,12,600,0,5,347.240900,1727.907052,11.249395,7223592292179796556,SUCCESS,,0.000000,0.000000,0.000000,0.000000,0,0,0.000000,0.000000,0.000000,0.000000,0.000000,0.000000,0.000000
2026-07-02T20:11:04.683901100Z,executor,1000,12,600,0,6,343.009200,1749.224219,12.147390,7223592292179796556,SUCCESS,,0.000000,0.000000,0.000000,0.000000,0,0,0.000000,0.000000,0.000000,0.000000,0.000000,0.000000,0.000000
2026-07-02T20:11:04.683901100Z,executor,1000,12,600,0,7,337.082100,1779.981791,9.270738,7223592292179796556,SUCCESS,,0.000000,0.000000,0.000000,0.000000,0,0,0.000000,0.000000,0.000000,0.000000,0.000000,0.000000,0.000000
2026-07-02T20:11:07.169643500Z,executor,1000,13,600,0,1,352.397400,1702.623232,12.932251,7223592292179796556,SUCCESS,,0.000000,0.000000,0.000000,0.000000,0,0,0.000000,0.000000,0.000000,0.000000,0.000000,0.000000,0.000000
2026-07-02T20:11:07.169643500Z,executor,1000,13,600,0,2,388.361900,1544.950728,13.746306,7223592292179796556,SUCCESS,,0.000000,0.000000,0.000000,0.000000,0,0,0.000000,0.000000,0.000000,0.000000,0.000000,0.000000,0.000000
2026-07-02T20:11:07.169643500Z,executor,1000,13,600,0,3,344.524900,1741.528696,10.960142,7223592292179796556,SUCCESS,,0.000000,0.000000,0.000000,0.000000,0,0,0.000000,0.000000,0.000000,0.000000,0.000000,0.000000,0.000000
2026-07-02T20:11:07.169643500Z,executor,1000,13,600,0,4,343.358700,1747.443708,10.997367,7223592292179796556,SUCCESS,,0.000000,0.000000,0.000000,0.000000,0,0,0.000000,0.000000,0.000000,0.000000,0.000000,0.000000,0.000000
2026-07-02T20:11:07.169643500Z,executor,1000,13,600,0,5,359.078400,1670.944284,13.416870,7223592292179796556,SUCCESS,,0.000000,0.000000,0.000000,0.000000,0,0,0.000000,0.000000,0.000000,0.000000,0.000000,0.000000,0.000000
2026-07-02T20:11:07.169643500Z,executor,1000,13,600,0,6,354.555800,1692.258313,16.158717,7223592292179796556,SUCCESS,,0.000000,0.000000,0.000000,0.000000,0,0,0.000000,0.000000,0.000000,0.000000,0.000000,0.000000,0.000000
2026-07-02T20:11:07.169643500Z,executor,1000,13,600,0,7,338.273600,1773.712167,10.777765,7223592292179796556,SUCCESS,,0.000000,0.000000,0.000000,0.000000,0,0,0.000000,0.000000,0.000000,0.000000,0.000000,0.000000,0.000000
2026-07-02T20:11:09.689336200Z,sequential,2000,1,600,0,1,364.775300,1644.848212,8.209963,1946644455574992588,SUCCESS,,0.000000,0.000000,0.000000,0.000000,0,0,0.000000,0.000000,0.000000,0.000000,0.000000,0.000000,0.000000
2026-07-02T20:11:09.689336200Z,sequential,2000,1,600,0,2,366.674200,1636.330017,8.167446,1946644455574992588,SUCCESS,,0.000000,0.000000,0.000000,0.000000,0,0,0.000000,0.000000,0.000000,0.000000,0.000000,0.000000,0.000000
2026-07-02T20:11:09.689336200Z,sequential,2000,1,600,0,3,352.558500,1701.845226,7.755805,1946644455574992588,SUCCESS,,0.000000,0.000000,0.000000,0.000000,0,0,0.000000,0.000000,0.000000,0.000000,0.000000,0.000000,0.000000
2026-07-02T20:11:09.689336200Z,sequential,2000,1,600,0,4,357.691900,1677.421267,7.644498,1946644455574992588,SUCCESS,,0.000000,0.000000,0.000000,0.000000,0,0,0.000000,0.000000,0.000000,0.000000,0.000000,0.000000,0.000000
2026-07-02T20:11:09.689336200Z,sequential,2000,1,600,0,5,370.983400,1617.323039,8.072576,1946644455574992588,SUCCESS,,0.000000,0.000000,0.000000,0.000000,0,0,0.000000,0.000000,0.000000,0.000000,0.000000,0.000000,0.000000
2026-07-02T20:11:09.689336200Z,sequential,2000,1,600,0,6,356.574900,1682.675926,8.033609,1946644455574992588,SUCCESS,,0.000000,0.000000,0.000000,0.000000,0,0,0.000000,0.000000,0.000000,0.000000,0.000000,0.000000,0.000000
2026-07-02T20:11:09.689336200Z,sequential,2000,1,600,0,7,349.075100,1718.827840,8.206209,1946644455574992588,SUCCESS,,0.000000,0.000000,0.000000,0.000000,0,0,0.000000,0.000000,0.000000,0.000000,0.000000,0.000000,0.000000
2026-07-02T20:11:14.741430700Z,threads,2000,1,600,0,1,713.582200,840.828148,7.846270,1946644455574992588,SUCCESS,,0.000000,0.000000,0.000000,0.000000,0,0,0.000000,0.000000,0.000000,0.000000,0.000000,0.000000,0.000000
2026-07-02T20:11:14.741430700Z,threads,2000,1,600,0,2,719.841700,833.516591,8.501580,1946644455574992588,SUCCESS,,0.000000,0.000000,0.000000,0.000000,0,0,0.000000,0.000000,0.000000,0.000000,0.000000,0.000000,0.000000
2026-07-02T20:11:14.741430700Z,threads,2000,1,600,0,3,799.493000,750.475614,8.143182,1946644455574992588,SUCCESS,,0.000000,0.000000,0.000000,0.000000,0,0,0.000000,0.000000,0.000000,0.000000,0.000000,0.000000,0.000000
2026-07-02T20:11:14.741430700Z,threads,2000,1,600,0,4,733.583800,817.902467,7.809833,1946644455574992588,SUCCESS,,0.000000,0.000000,0.000000,0.000000,0,0,0.000000,0.000000,0.000000,0.000000,0.000000,0.000000,0.000000
2026-07-02T20:11:14.741430700Z,threads,2000,1,600,0,5,714.041800,840.286941,7.294157,1946644455574992588,SUCCESS,,0.000000,0.000000,0.000000,0.000000,0,0,0.000000,0.000000,0.000000,0.000000,0.000000,0.000000,0.000000
2026-07-02T20:11:14.741430700Z,threads,2000,1,600,0,6,703.450500,852.938480,7.774179,1946644455574992588,SUCCESS,,0.000000,0.000000,0.000000,0.000000,0,0,0.000000,0.000000,0.000000,0.000000,0.000000,0.000000,0.000000
2026-07-02T20:11:14.741430700Z,threads,2000,1,600,0,7,665.171200,902.023419,8.808822,1946644455574992588,SUCCESS,,0.000000,0.000000,0.000000,0.000000,0,0,0.000000,0.000000,0.000000,0.000000,0.000000,0.000000,0.000000
2026-07-02T20:11:18.979798500Z,threads,2000,2,600,0,1,626.206300,958.150693,10.604532,1946644455574992588,SUCCESS,,0.000000,0.000000,0.000000,0.000000,0,0,0.000000,0.000000,0.000000,0.000000,0.000000,0.000000,0.000000
2026-07-02T20:11:18.979798500Z,threads,2000,2,600,0,2,585.779000,1024.277074,9.558141,1946644455574992588,SUCCESS,,0.000000,0.000000,0.000000,0.000000,0,0,0.000000,0.000000,0.000000,0.000000,0.000000,0.000000,0.000000
2026-07-02T20:11:18.979798500Z,threads,2000,2,600,0,3,595.704800,1007.210283,9.836038,1946644455574992588,SUCCESS,,0.000000,0.000000,0.000000,0.000000,0,0,0.000000,0.000000,0.000000,0.000000,0.000000,0.000000,0.000000
2026-07-02T20:11:18.979798500Z,threads,2000,2,600,0,4,649.910100,923.204609,15.226465,1946644455574992588,SUCCESS,,0.000000,0.000000,0.000000,0.000000,0,0,0.000000,0.000000,0.000000,0.000000,0.000000,0.000000,0.000000
2026-07-02T20:11:18.979798500Z,threads,2000,2,600,0,5,592.138500,1013.276455,11.214648,1946644455574992588,SUCCESS,,0.000000,0.000000,0.000000,0.000000,0,0,0.000000,0.000000,0.000000,0.000000,0.000000,0.000000,0.000000
2026-07-02T20:11:18.979798500Z,threads,2000,2,600,0,6,590.462700,1016.152248,9.702843,1946644455574992588,SUCCESS,,0.000000,0.000000,0.000000,0.000000,0,0,0.000000,0.000000,0.000000,0.000000,0.000000,0.000000,0.000000
2026-07-02T20:11:18.979798500Z,threads,2000,2,600,0,7,601.534300,997.449356,9.524256,1946644455574992588,SUCCESS,,0.000000,0.000000,0.000000,0.000000,0,0,0.000000,0.000000,0.000000,0.000000,0.000000,0.000000,0.000000
2026-07-02T20:11:23.329894300Z,threads,2000,4,600,0,1,624.420700,960.890630,11.677490,1946644455574992588,SUCCESS,,0.000000,0.000000,0.000000,0.000000,0,0,0.000000,0.000000,0.000000,0.000000,0.000000,0.000000,0.000000
2026-07-02T20:11:23.329894300Z,threads,2000,4,600,0,2,623.044400,963.013230,11.703286,1946644455574992588,SUCCESS,,0.000000,0.000000,0.000000,0.000000,0,0,0.000000,0.000000,0.000000,0.000000,0.000000,0.000000,0.000000
2026-07-02T20:11:23.329894300Z,threads,2000,4,600,0,3,649.772300,923.400397,12.223833,1946644455574992588,SUCCESS,,0.000000,0.000000,0.000000,0.000000,0,0,0.000000,0.000000,0.000000,0.000000,0.000000,0.000000,0.000000
2026-07-02T20:11:23.329894300Z,threads,2000,4,600,0,4,611.862400,980.612634,11.704361,1946644455574992588,SUCCESS,,0.000000,0.000000,0.000000,0.000000,0,0,0.000000,0.000000,0.000000,0.000000,0.000000,0.000000,0.000000
2026-07-02T20:11:23.329894300Z,threads,2000,4,600,0,5,638.839900,939.202451,15.082678,1946644455574992588,SUCCESS,,0.000000,0.000000,0.000000,0.000000,0,0,0.000000,0.000000,0.000000,0.000000,0.000000,0.000000,0.000000
2026-07-02T20:11:23.329894300Z,threads,2000,4,600,0,6,597.607300,1004.003800,9.804725,1946644455574992588,SUCCESS,,0.000000,0.000000,0.000000,0.000000,0,0,0.000000,0.000000,0.000000,0.000000,0.000000,0.000000,0.000000
2026-07-02T20:11:23.329894300Z,threads,2000,4,600,0,7,605.966100,990.154400,10.314108,1946644455574992588,SUCCESS,,0.000000,0.000000,0.000000,0.000000,0,0,0.000000,0.000000,0.000000,0.000000,0.000000,0.000000,0.000000
2026-07-02T20:11:27.817607400Z,threads,2000,8,600,0,1,617.305400,971.966226,17.296274,1946644455574992588,SUCCESS,,0.000000,0.000000,0.000000,0.000000,0,0,0.000000,0.000000,0.000000,0.000000,0.000000,0.000000,0.000000
2026-07-02T20:11:27.817607400Z,threads,2000,8,600,0,2,637.633900,940.978828,10.822890,1946644455574992588,SUCCESS,,0.000000,0.000000,0.000000,0.000000,0,0,0.000000,0.000000,0.000000,0.000000,0.000000,0.000000,0.000000
2026-07-02T20:11:27.817607400Z,threads,2000,8,600,0,3,649.995200,923.083740,14.823827,1946644455574992588,SUCCESS,,0.000000,0.000000,0.000000,0.000000,0,0,0.000000,0.000000,0.000000,0.000000,0.000000,0.000000,0.000000
2026-07-02T20:11:27.817607400Z,threads,2000,8,600,0,4,653.576000,918.026366,14.344162,1946644455574992588,SUCCESS,,0.000000,0.000000,0.000000,0.000000,0,0,0.000000,0.000000,0.000000,0.000000,0.000000,0.000000,0.000000
2026-07-02T20:11:27.817607400Z,threads,2000,8,600,0,5,616.810700,972.745771,18.998941,1946644455574992588,SUCCESS,,0.000000,0.000000,0.000000,0.000000,0,0,0.000000,0.000000,0.000000,0.000000,0.000000,0.000000,0.000000
2026-07-02T20:11:27.817607400Z,threads,2000,8,600,0,6,634.055200,946.289850,15.196495,1946644455574992588,SUCCESS,,0.000000,0.000000,0.000000,0.000000,0,0,0.000000,0.000000,0.000000,0.000000,0.000000,0.000000,0.000000
2026-07-02T20:11:27.817607400Z,threads,2000,8,600,0,7,664.187500,903.359368,15.879364,1946644455574992588,SUCCESS,,0.000000,0.000000,0.000000,0.000000,0,0,0.000000,0.000000,0.000000,0.000000,0.000000,0.000000,0.000000
2026-07-02T20:11:33.853078600Z,threads,2000,12,600,0,1,686.850700,873.552287,13.838827,1946644455574992588,SUCCESS,,0.000000,0.000000,0.000000,0.000000,0,0,0.000000,0.000000,0.000000,0.000000,0.000000,0.000000,0.000000
2026-07-02T20:11:33.853078600Z,threads,2000,12,600,0,2,854.837100,701.888114,14.318030,1946644455574992588,SUCCESS,,0.000000,0.000000,0.000000,0.000000,0,0,0.000000,0.000000,0.000000,0.000000,0.000000,0.000000,0.000000
2026-07-02T20:11:33.853078600Z,threads,2000,12,600,0,3,875.025800,685.694068,19.791083,1946644455574992588,SUCCESS,,0.000000,0.000000,0.000000,0.000000,0,0,0.000000,0.000000,0.000000,0.000000,0.000000,0.000000,0.000000
2026-07-02T20:11:33.853078600Z,threads,2000,12,600,0,4,936.680900,640.559661,16.959262,1946644455574992588,SUCCESS,,0.000000,0.000000,0.000000,0.000000,0,0,0.000000,0.000000,0.000000,0.000000,0.000000,0.000000,0.000000
2026-07-02T20:11:33.853078600Z,threads,2000,12,600,0,5,905.105500,662.906147,13.522825,1946644455574992588,SUCCESS,,0.000000,0.000000,0.000000,0.000000,0,0,0.000000,0.000000,0.000000,0.000000,0.000000,0.000000,0.000000
2026-07-02T20:11:33.853078600Z,threads,2000,12,600,0,6,881.916000,680.336903,14.173685,1946644455574992588,SUCCESS,,0.000000,0.000000,0.000000,0.000000,0,0,0.000000,0.000000,0.000000,0.000000,0.000000,0.000000,0.000000
2026-07-02T20:11:33.853078600Z,threads,2000,12,600,0,7,892.216000,672.482897,12.988493,1946644455574992588,SUCCESS,,0.000000,0.000000,0.000000,0.000000,0,0,0.000000,0.000000,0.000000,0.000000,0.000000,0.000000,0.000000
2026-07-02T20:11:40.080497300Z,threads,2000,13,600,0,1,925.652400,648.191481,13.222656,1946644455574992588,SUCCESS,,0.000000,0.000000,0.000000,0.000000,0,0,0.000000,0.000000,0.000000,0.000000,0.000000,0.000000,0.000000
2026-07-02T20:11:40.080497300Z,threads,2000,13,600,0,2,876.679800,684.400393,17.080305,1946644455574992588,SUCCESS,,0.000000,0.000000,0.000000,0.000000,0,0,0.000000,0.000000,0.000000,0.000000,0.000000,0.000000,0.000000
2026-07-02T20:11:40.080497300Z,threads,2000,13,600,0,3,859.110600,698.396691,10.760887,1946644455574992588,SUCCESS,,0.000000,0.000000,0.000000,0.000000,0,0,0.000000,0.000000,0.000000,0.000000,0.000000,0.000000,0.000000
2026-07-02T20:11:40.080497300Z,threads,2000,13,600,0,4,893.217700,671.728740,13.702800,1946644455574992588,SUCCESS,,0.000000,0.000000,0.000000,0.000000,0,0,0.000000,0.000000,0.000000,0.000000,0.000000,0.000000,0.000000
2026-07-02T20:11:40.080497300Z,threads,2000,13,600,0,5,913.744300,656.638843,15.247473,1946644455574992588,SUCCESS,,0.000000,0.000000,0.000000,0.000000,0,0,0.000000,0.000000,0.000000,0.000000,0.000000,0.000000,0.000000
2026-07-02T20:11:40.080497300Z,threads,2000,13,600,0,6,898.292500,667.933886,13.045584,1946644455574992588,SUCCESS,,0.000000,0.000000,0.000000,0.000000,0,0,0.000000,0.000000,0.000000,0.000000,0.000000,0.000000,0.000000
2026-07-02T20:11:40.080497300Z,threads,2000,13,600,0,7,864.673800,693.903296,13.703385,1946644455574992588,SUCCESS,,0.000000,0.000000,0.000000,0.000000,0,0,0.000000,0.000000,0.000000,0.000000,0.000000,0.000000,0.000000
2026-07-02T20:11:45.435429800Z,executor,2000,1,600,0,1,864.757900,693.835812,8.130888,1946644455574992588,SUCCESS,,0.000000,0.000000,0.000000,0.000000,0,0,0.000000,0.000000,0.000000,0.000000,0.000000,0.000000,0.000000
2026-07-02T20:11:45.435429800Z,executor,2000,1,600,0,2,838.471200,715.588085,9.162261,1946644455574992588,SUCCESS,,0.000000,0.000000,0.000000,0.000000,0,0,0.000000,0.000000,0.000000,0.000000,0.000000,0.000000,0.000000
2026-07-02T20:11:45.435429800Z,executor,2000,1,600,0,3,730.200200,821.692462,8.202659,1946644455574992588,SUCCESS,,0.000000,0.000000,0.000000,0.000000,0,0,0.000000,0.000000,0.000000,0.000000,0.000000,0.000000,0.000000
2026-07-02T20:11:45.435429800Z,executor,2000,1,600,0,4,746.869900,803.352766,8.368258,1946644455574992588,SUCCESS,,0.000000,0.000000,0.000000,0.000000,0,0,0.000000,0.000000,0.000000,0.000000,0.000000,0.000000,0.000000
2026-07-02T20:11:45.435429800Z,executor,2000,1,600,0,5,690.259800,869.237930,7.734105,1946644455574992588,SUCCESS,,0.000000,0.000000,0.000000,0.000000,0,0,0.000000,0.000000,0.000000,0.000000,0.000000,0.000000,0.000000
2026-07-02T20:11:45.435429800Z,executor,2000,1,600,0,6,746.976900,803.237690,8.192746,1946644455574992588,SUCCESS,,0.000000,0.000000,0.000000,0.000000,0,0,0.000000,0.000000,0.000000,0.000000,0.000000,0.000000,0.000000
2026-07-02T20:11:45.435429800Z,executor,2000,1,600,0,7,728.429300,823.690096,8.222601,1946644455574992588,SUCCESS,,0.000000,0.000000,0.000000,0.000000,0,0,0.000000,0.000000,0.000000,0.000000,0.000000,0.000000,0.000000
2026-07-02T20:11:50.403151600Z,executor,2000,2,600,0,1,740.089800,810.712430,9.324600,1946644455574992588,SUCCESS,,0.000000,0.000000,0.000000,0.000000,0,0,0.000000,0.000000,0.000000,0.000000,0.000000,0.000000,0.000000
2026-07-02T20:11:50.403151600Z,executor,2000,2,600,0,2,699.457000,857.808271,9.307815,1946644455574992588,SUCCESS,,0.000000,0.000000,0.000000,0.000000,0,0,0.000000,0.000000,0.000000,0.000000,0.000000,0.000000,0.000000
2026-07-02T20:11:50.403151600Z,executor,2000,2,600,0,3,694.387200,864.071227,9.938319,1946644455574992588,SUCCESS,,0.000000,0.000000,0.000000,0.000000,0,0,0.000000,0.000000,0.000000,0.000000,0.000000,0.000000,0.000000
2026-07-02T20:11:50.403151600Z,executor,2000,2,600,0,4,666.203500,900.625710,8.990621,1946644455574992588,SUCCESS,,0.000000,0.000000,0.000000,0.000000,0,0,0.000000,0.000000,0.000000,0.000000,0.000000,0.000000,0.000000
2026-07-02T20:11:50.403151600Z,executor,2000,2,600,0,5,693.159400,865.601765,9.392380,1946644455574992588,SUCCESS,,0.000000,0.000000,0.000000,0.000000,0,0,0.000000,0.000000,0.000000,0.000000,0.000000,0.000000,0.000000
2026-07-02T20:11:50.403151600Z,executor,2000,2,600,0,6,695.484400,862.708064,9.735421,1946644455574992588,SUCCESS,,0.000000,0.000000,0.000000,0.000000,0,0,0.000000,0.000000,0.000000,0.000000,0.000000,0.000000,0.000000
2026-07-02T20:11:50.403151600Z,executor,2000,2,600,0,7,776.177500,773.019058,9.729841,1946644455574992588,SUCCESS,,0.000000,0.000000,0.000000,0.000000,0,0,0.000000,0.000000,0.000000,0.000000,0.000000,0.000000,0.000000
2026-07-02T20:11:55.755746600Z,executor,2000,4,600,0,1,803.335900,746.885580,12.318425,1946644455574992588,SUCCESS,,0.000000,0.000000,0.000000,0.000000,0,0,0.000000,0.000000,0.000000,0.000000,0.000000,0.000000,0.000000
2026-07-02T20:11:55.755746600Z,executor,2000,4,600,0,2,803.492300,746.740199,10.047286,1946644455574992588,SUCCESS,,0.000000,0.000000,0.000000,0.000000,0,0,0.000000,0.000000,0.000000,0.000000,0.000000,0.000000,0.000000
2026-07-02T20:11:55.755746600Z,executor,2000,4,600,0,3,731.234200,820.530550,11.396258,1946644455574992588,SUCCESS,,0.000000,0.000000,0.000000,0.000000,0,0,0.000000,0.000000,0.000000,0.000000,0.000000,0.000000,0.000000
2026-07-02T20:11:55.755746600Z,executor,2000,4,600,0,4,681.020000,881.031394,11.662959,1946644455574992588,SUCCESS,,0.000000,0.000000,0.000000,0.000000,0,0,0.000000,0.000000,0.000000,0.000000,0.000000,0.000000,0.000000
2026-07-02T20:11:55.755746600Z,executor,2000,4,600,0,5,720.941500,832.245057,11.920177,1946644455574992588,SUCCESS,,0.000000,0.000000,0.000000,0.000000,0,0,0.000000,0.000000,0.000000,0.000000,0.000000,0.000000,0.000000
2026-07-02T20:11:55.755746600Z,executor,2000,4,600,0,6,756.090500,793.555798,9.471695,1946644455574992588,SUCCESS,,0.000000,0.000000,0.000000,0.000000,0,0,0.000000,0.000000,0.000000,0.000000,0.000000,0.000000,0.000000
2026-07-02T20:11:55.755746600Z,executor,2000,4,600,0,7,852.625300,703.708886,9.926449,1946644455574992588,SUCCESS,,0.000000,0.000000,0.000000,0.000000,0,0,0.000000,0.000000,0.000000,0.000000,0.000000,0.000000,0.000000
2026-07-02T20:12:01.403068600Z,executor,2000,8,600,0,1,808.861500,741.783358,9.819615,1946644455574992588,SUCCESS,,0.000000,0.000000,0.000000,0.000000,0,0,0.000000,0.000000,0.000000,0.000000,0.000000,0.000000,0.000000
2026-07-02T20:12:01.403068600Z,executor,2000,8,600,0,2,780.427700,768.809206,11.011590,1946644455574992588,SUCCESS,,0.000000,0.000000,0.000000,0.000000,0,0,0.000000,0.000000,0.000000,0.000000,0.000000,0.000000,0.000000
2026-07-02T20:12:01.403068600Z,executor,2000,8,600,0,3,796.251500,753.530763,11.446865,1946644455574992588,SUCCESS,,0.000000,0.000000,0.000000,0.000000,0,0,0.000000,0.000000,0.000000,0.000000,0.000000,0.000000,0.000000
2026-07-02T20:12:01.403068600Z,executor,2000,8,600,0,4,831.038500,721.988211,13.317925,1946644455574992588,SUCCESS,,0.000000,0.000000,0.000000,0.000000,0,0,0.000000,0.000000,0.000000,0.000000,0.000000,0.000000,0.000000
2026-07-02T20:12:01.403068600Z,executor,2000,8,600,0,5,777.754700,771.451461,10.212357,1946644455574992588,SUCCESS,,0.000000,0.000000,0.000000,0.000000,0,0,0.000000,0.000000,0.000000,0.000000,0.000000,0.000000,0.000000
2026-07-02T20:12:01.403068600Z,executor,2000,8,600,0,6,830.948500,722.066410,10.498795,1946644455574992588,SUCCESS,,0.000000,0.000000,0.000000,0.000000,0,0,0.000000,0.000000,0.000000,0.000000,0.000000,0.000000,0.000000
2026-07-02T20:12:01.403068600Z,executor,2000,8,600,0,7,819.869300,731.823963,9.846590,1946644455574992588,SUCCESS,,0.000000,0.000000,0.000000,0.000000,0,0,0.000000,0.000000,0.000000,0.000000,0.000000,0.000000,0.000000
2026-07-02T20:12:07.371555200Z,executor,2000,12,600,0,1,821.929700,729.989438,9.980324,1946644455574992588,SUCCESS,,0.000000,0.000000,0.000000,0.000000,0,0,0.000000,0.000000,0.000000,0.000000,0.000000,0.000000,0.000000
2026-07-02T20:12:07.371555200Z,executor,2000,12,600,0,2,830.625700,722.347021,9.719079,1946644455574992588,SUCCESS,,0.000000,0.000000,0.000000,0.000000,0,0,0.000000,0.000000,0.000000,0.000000,0.000000,0.000000,0.000000
2026-07-02T20:12:07.371555200Z,executor,2000,12,600,0,3,787.406400,761.995330,9.591087,1946644455574992588,SUCCESS,,0.000000,0.000000,0.000000,0.000000,0,0,0.000000,0.000000,0.000000,0.000000,0.000000,0.000000,0.000000
2026-07-02T20:12:07.371555200Z,executor,2000,12,600,0,4,824.662000,727.570811,11.526187,1946644455574992588,SUCCESS,,0.000000,0.000000,0.000000,0.000000,0,0,0.000000,0.000000,0.000000,0.000000,0.000000,0.000000,0.000000
2026-07-02T20:12:07.371555200Z,executor,2000,12,600,0,5,862.677700,695.508879,12.225742,1946644455574992588,SUCCESS,,0.000000,0.000000,0.000000,0.000000,0,0,0.000000,0.000000,0.000000,0.000000,0.000000,0.000000,0.000000
2026-07-02T20:12:07.371555200Z,executor,2000,12,600,0,6,936.315100,640.809915,13.072077,1946644455574992588,SUCCESS,,0.000000,0.000000,0.000000,0.000000,0,0,0.000000,0.000000,0.000000,0.000000,0.000000,0.000000,0.000000
2026-07-02T20:12:07.371555200Z,executor,2000,12,600,0,7,901.523100,665.540351,11.698951,1946644455574992588,SUCCESS,,0.000000,0.000000,0.000000,0.000000,0,0,0.000000,0.000000,0.000000,0.000000,0.000000,0.000000,0.000000
2026-07-02T20:12:13.678130800Z,executor,2000,13,600,0,1,997.385100,601.573053,11.096725,1946644455574992588,SUCCESS,,0.000000,0.000000,0.000000,0.000000,0,0,0.000000,0.000000,0.000000,0.000000,0.000000,0.000000,0.000000
2026-07-02T20:12:13.678130800Z,executor,2000,13,600,0,2,1035.176500,579.611303,12.326803,1946644455574992588,SUCCESS,,0.000000,0.000000,0.000000,0.000000,0,0,0.000000,0.000000,0.000000,0.000000,0.000000,0.000000,0.000000
2026-07-02T20:12:13.678130800Z,executor,2000,13,600,0,3,854.743100,701.965304,9.444846,1946644455574992588,SUCCESS,,0.000000,0.000000,0.000000,0.000000,0,0,0.000000,0.000000,0.000000,0.000000,0.000000,0.000000,0.000000
2026-07-02T20:12:13.678130800Z,executor,2000,13,600,0,4,850.987400,705.063318,12.699708,1946644455574992588,SUCCESS,,0.000000,0.000000,0.000000,0.000000,0,0,0.000000,0.000000,0.000000,0.000000,0.000000,0.000000,0.000000
2026-07-02T20:12:13.678130800Z,executor,2000,13,600,0,5,823.425000,728.663813,11.701632,1946644455574992588,SUCCESS,,0.000000,0.000000,0.000000,0.000000,0,0,0.000000,0.000000,0.000000,0.000000,0.000000,0.000000,0.000000
2026-07-02T20:12:13.678130800Z,executor,2000,13,600,0,6,882.198200,680.119275,10.922054,1946644455574992588,SUCCESS,,0.000000,0.000000,0.000000,0.000000,0,0,0.000000,0.000000,0.000000,0.000000,0.000000,0.000000,0.000000
2026-07-02T20:12:13.678130800Z,executor,2000,13,600,0,7,858.449300,698.934695,12.740997,1946644455574992588,SUCCESS,,0.000000,0.000000,0.000000,0.000000,0,0,0.000000,0.000000,0.000000,0.000000,0.000000,0.000000,0.000000
2026-07-02T20:12:17.659456500Z,sequential,2500,1,600,0,1,628.598800,954.503890,8.285624,2635991632651171597,SUCCESS,,0.000000,0.000000,0.000000,0.000000,0,0,0.000000,0.000000,0.000000,0.000000,0.000000,0.000000,0.000000
2026-07-02T20:12:17.659456500Z,sequential,2500,1,600,0,2,598.397900,1002.677316,8.051011,2635991632651171597,SUCCESS,,0.000000,0.000000,0.000000,0.000000,0,0,0.000000,0.000000,0.000000,0.000000,0.000000,0.000000,0.000000
2026-07-02T20:12:17.659456500Z,sequential,2500,1,600,0,3,671.942900,892.933016,9.495164,2635991632651171597,SUCCESS,,0.000000,0.000000,0.000000,0.000000,0,0,0.000000,0.000000,0.000000,0.000000,0.000000,0.000000,0.000000
2026-07-02T20:12:17.659456500Z,sequential,2500,1,600,0,4,549.508500,1091.884839,8.293396,2635991632651171597,SUCCESS,,0.000000,0.000000,0.000000,0.000000,0,0,0.000000,0.000000,0.000000,0.000000,0.000000,0.000000,0.000000
2026-07-02T20:12:17.659456500Z,sequential,2500,1,600,0,5,511.486400,1173.051718,8.146192,2635991632651171597,SUCCESS,,0.000000,0.000000,0.000000,0.000000,0,0,0.000000,0.000000,0.000000,0.000000,0.000000,0.000000,0.000000
2026-07-02T20:12:17.659456500Z,sequential,2500,1,600,0,6,498.607800,1203.350609,7.834314,2635991632651171597,SUCCESS,,0.000000,0.000000,0.000000,0.000000,0,0,0.000000,0.000000,0.000000,0.000000,0.000000,0.000000,0.000000
2026-07-02T20:12:17.659456500Z,sequential,2500,1,600,0,7,518.431900,1157.336190,7.283583,2635991632651171597,SUCCESS,,0.000000,0.000000,0.000000,0.000000,0,0,0.000000,0.000000,0.000000,0.000000,0.000000,0.000000,0.000000
2026-07-02T20:12:23.694410900Z,threads,2500,1,600,0,1,891.228600,673.227946,8.035490,2635991632651171597,SUCCESS,,0.000000,0.000000,0.000000,0.000000,0,0,0.000000,0.000000,0.000000,0.000000,0.000000,0.000000,0.000000
2026-07-02T20:12:23.694410900Z,threads,2500,1,600,0,2,874.783700,685.883836,7.888855,2635991632651171597,SUCCESS,,0.000000,0.000000,0.000000,0.000000,0,0,0.000000,0.000000,0.000000,0.000000,0.000000,0.000000,0.000000
2026-07-02T20:12:23.694410900Z,threads,2500,1,600,0,3,831.305000,721.756756,8.301456,2635991632651171597,SUCCESS,,0.000000,0.000000,0.000000,0.000000,0,0,0.000000,0.000000,0.000000,0.000000,0.000000,0.000000,0.000000
2026-07-02T20:12:23.694410900Z,threads,2500,1,600,0,4,876.023000,684.913524,8.026330,2635991632651171597,SUCCESS,,0.000000,0.000000,0.000000,0.000000,0,0,0.000000,0.000000,0.000000,0.000000,0.000000,0.000000,0.000000
2026-07-02T20:12:23.694410900Z,threads,2500,1,600,0,5,833.998200,719.426013,7.962397,2635991632651171597,SUCCESS,,0.000000,0.000000,0.000000,0.000000,0,0,0.000000,0.000000,0.000000,0.000000,0.000000,0.000000,0.000000
2026-07-02T20:12:23.694410900Z,threads,2500,1,600,0,6,887.928200,675.730312,8.212000,2635991632651171597,SUCCESS,,0.000000,0.000000,0.000000,0.000000,0,0,0.000000,0.000000,0.000000,0.000000,0.000000,0.000000,0.000000
2026-07-02T20:12:23.694410900Z,threads,2500,1,600,0,7,837.049400,716.803572,8.400042,2635991632651171597,SUCCESS,,0.000000,0.000000,0.000000,0.000000,0,0,0.000000,0.000000,0.000000,0.000000,0.000000,0.000000,0.000000
2026-07-02T20:12:31.090208700Z,threads,2500,2,600,0,1,1041.115600,576.304879,10.130359,2635991632651171597,SUCCESS,,0.000000,0.000000,0.000000,0.000000,0,0,0.000000,0.000000,0.000000,0.000000,0.000000,0.000000,0.000000
2026-07-02T20:12:31.090208700Z,threads,2500,2,600,0,2,1125.904600,532.904830,10.408297,2635991632651171597,SUCCESS,,0.000000,0.000000,0.000000,0.000000,0,0,0.000000,0.000000,0.000000,0.000000,0.000000,0.000000,0.000000
2026-07-02T20:12:31.090208700Z,threads,2500,2,600,0,3,1088.210000,551.364167,10.290217,2635991632651171597,SUCCESS,,0.000000,0.000000,0.000000,0.000000,0,0,0.000000,0.000000,0.000000,0.000000,0.000000,0.000000,0.000000
2026-07-02T20:12:31.090208700Z,threads,2500,2,600,0,4,1169.712700,512.946470,9.350587,2635991632651171597,SUCCESS,,0.000000,0.000000,0.000000,0.000000,0,0,0.000000,0.000000,0.000000,0.000000,0.000000,0.000000,0.000000
2026-07-02T20:12:31.090208700Z,threads,2500,2,600,0,5,1009.388400,594.419353,9.932789,2635991632651171597,SUCCESS,,0.000000,0.000000,0.000000,0.000000,0,0,0.000000,0.000000,0.000000,0.000000,0.000000,0.000000,0.000000
2026-07-02T20:12:31.090208700Z,threads,2500,2,600,0,6,943.956900,635.622241,9.517781,2635991632651171597,SUCCESS,,0.000000,0.000000,0.000000,0.000000,0,0,0.000000,0.000000,0.000000,0.000000,0.000000,0.000000,0.000000
2026-07-02T20:12:31.090208700Z,threads,2500,2,600,0,7,1014.186300,591.607282,9.115477,2635991632651171597,SUCCESS,,0.000000,0.000000,0.000000,0.000000,0,0,0.000000,0.000000,0.000000,0.000000,0.000000,0.000000,0.000000
2026-07-02T20:12:38.035336800Z,threads,2500,4,600,0,1,917.720800,653.793616,11.066819,2635991632651171597,SUCCESS,,0.000000,0.000000,0.000000,0.000000,0,0,0.000000,0.000000,0.000000,0.000000,0.000000,0.000000,0.000000
2026-07-02T20:12:38.035336800Z,threads,2500,4,600,0,2,948.847000,632.346416,10.566553,2635991632651171597,SUCCESS,,0.000000,0.000000,0.000000,0.000000,0,0,0.000000,0.000000,0.000000,0.000000,0.000000,0.000000,0.000000
2026-07-02T20:12:38.035336800Z,threads,2500,4,600,0,3,940.412700,638.017755,10.245945,2635991632651171597,SUCCESS,,0.000000,0.000000,0.000000,0.000000,0,0,0.000000,0.000000,0.000000,0.000000,0.000000,0.000000,0.000000
2026-07-02T20:12:38.035336800Z,threads,2500,4,600,0,4,997.714100,601.374682,11.745599,2635991632651171597,SUCCESS,,0.000000,0.000000,0.000000,0.000000,0,0,0.000000,0.000000,0.000000,0.000000,0.000000,0.000000,0.000000
2026-07-02T20:12:38.035336800Z,threads,2500,4,600,0,5,1063.423800,564.215320,12.121814,2635991632651171597,SUCCESS,,0.000000,0.000000,0.000000,0.000000,0,0,0.000000,0.000000,0.000000,0.000000,0.000000,0.000000,0.000000
2026-07-02T20:12:38.035336800Z,threads,2500,4,600,0,6,991.078900,605.400841,9.853529,2635991632651171597,SUCCESS,,0.000000,0.000000,0.000000,0.000000,0,0,0.000000,0.000000,0.000000,0.000000,0.000000,0.000000,0.000000
2026-07-02T20:12:38.035336800Z,threads,2500,4,600,0,7,1082.869300,554.083489,11.182675,2635991632651171597,SUCCESS,,0.000000,0.000000,0.000000,0.000000,0,0,0.000000,0.000000,0.000000,0.000000,0.000000,0.000000,0.000000
2026-07-02T20:12:45.497866900Z,threads,2500,8,600,0,1,1130.220600,530.869814,13.939941,2635991632651171597,SUCCESS,,0.000000,0.000000,0.000000,0.000000,0,0,0.000000,0.000000,0.000000,0.000000,0.000000,0.000000,0.000000
2026-07-02T20:12:45.497866900Z,threads,2500,8,600,0,2,1072.120200,559.638742,10.808995,2635991632651171597,SUCCESS,,0.000000,0.000000,0.000000,0.000000,0,0,0.000000,0.000000,0.000000,0.000000,0.000000,0.000000,0.000000
2026-07-02T20:12:45.497866900Z,threads,2500,8,600,0,3,1071.786200,559.813142,13.120621,2635991632651171597,SUCCESS,,0.000000,0.000000,0.000000,0.000000,0,0,0.000000,0.000000,0.000000,0.000000,0.000000,0.000000,0.000000
2026-07-02T20:12:45.497866900Z,threads,2500,8,600,0,4,1057.129400,567.574793,9.730557,2635991632651171597,SUCCESS,,0.000000,0.000000,0.000000,0.000000,0,0,0.000000,0.000000,0.000000,0.000000,0.000000,0.000000,0.000000
2026-07-02T20:12:45.497866900Z,threads,2500,8,600,0,5,1041.832700,575.908205,11.248207,2635991632651171597,SUCCESS,,0.000000,0.000000,0.000000,0.000000,0,0,0.000000,0.000000,0.000000,0.000000,0.000000,0.000000,0.000000
2026-07-02T20:12:45.497866900Z,threads,2500,8,600,0,6,1040.259200,576.779326,12.391743,2635991632651171597,SUCCESS,,0.000000,0.000000,0.000000,0.000000,0,0,0.000000,0.000000,0.000000,0.000000,0.000000,0.000000,0.000000
2026-07-02T20:12:45.497866900Z,threads,2500,8,600,0,7,1044.427100,574.477625,16.581060,2635991632651171597,SUCCESS,,0.000000,0.000000,0.000000,0.000000,0,0,0.000000,0.000000,0.000000,0.000000,0.000000,0.000000,0.000000
2026-07-02T20:12:52.914856200Z,threads,2500,12,600,0,1,1010.690900,593.653312,16.103877,2635991632651171597,SUCCESS,,0.000000,0.000000,0.000000,0.000000,0,0,0.000000,0.000000,0.000000,0.000000,0.000000,0.000000,0.000000
2026-07-02T20:12:52.914856200Z,threads,2500,12,600,0,2,1023.974800,585.951920,17.675199,2635991632651171597,SUCCESS,,0.000000,0.000000,0.000000,0.000000,0,0,0.000000,0.000000,0.000000,0.000000,0.000000,0.000000,0.000000
2026-07-02T20:12:52.914856200Z,threads,2500,12,600,0,3,1091.486900,549.708842,15.508279,2635991632651171597,SUCCESS,,0.000000,0.000000,0.000000,0.000000,0,0,0.000000,0.000000,0.000000,0.000000,0.000000,0.000000,0.000000
2026-07-02T20:12:52.914856200Z,threads,2500,12,600,0,4,1051.601700,570.558226,12.381906,2635991632651171597,SUCCESS,,0.000000,0.000000,0.000000,0.000000,0,0,0.000000,0.000000,0.000000,0.000000,0.000000,0.000000,0.000000
2026-07-02T20:12:52.914856200Z,threads,2500,12,600,0,5,1108.919100,541.067423,15.381908,2635991632651171597,SUCCESS,,0.000000,0.000000,0.000000,0.000000,0,0,0.000000,0.000000,0.000000,0.000000,0.000000,0.000000,0.000000
2026-07-02T20:12:52.914856200Z,threads,2500,12,600,0,6,1154.293400,519.798519,10.716332,2635991632651171597,SUCCESS,,0.000000,0.000000,0.000000,0.000000,0,0,0.000000,0.000000,0.000000,0.000000,0.000000,0.000000,0.000000
2026-07-02T20:12:52.914856200Z,threads,2500,12,600,0,7,972.564500,616.925664,15.931891,2635991632651171597,SUCCESS,,0.000000,0.000000,0.000000,0.000000,0,0,0.000000,0.000000,0.000000,0.000000,0.000000,0.000000,0.000000
2026-07-02T20:13:00.454009700Z,threads,2500,13,600,0,1,1051.331500,570.704863,12.756641,2635991632651171597,SUCCESS,,0.000000,0.000000,0.000000,0.000000,0,0,0.000000,0.000000,0.000000,0.000000,0.000000,0.000000,0.000000
2026-07-02T20:13:00.454009700Z,threads,2500,13,600,0,2,1069.838100,560.832522,13.631346,2635991632651171597,SUCCESS,,0.000000,0.000000,0.000000,0.000000,0,0,0.000000,0.000000,0.000000,0.000000,0.000000,0.000000,0.000000
2026-07-02T20:13:00.454009700Z,threads,2500,13,600,0,3,1072.362000,559.512553,14.934905,2635991632651171597,SUCCESS,,0.000000,0.000000,0.000000,0.000000,0,0,0.000000,0.000000,0.000000,0.000000,0.000000,0.000000,0.000000
2026-07-02T20:13:00.454009700Z,threads,2500,13,600,0,4,1072.490700,559.445411,13.719039,2635991632651171597,SUCCESS,,0.000000,0.000000,0.000000,0.000000,0,0,0.000000,0.000000,0.000000,0.000000,0.000000,0.000000,0.000000
2026-07-02T20:13:00.454009700Z,threads,2500,13,600,0,5,1068.167200,561.709815,13.896467,2635991632651171597,SUCCESS,,0.000000,0.000000,0.000000,0.000000,0,0,0.000000,0.000000,0.000000,0.000000,0.000000,0.000000,0.000000
2026-07-02T20:13:00.454009700Z,threads,2500,13,600,0,6,1081.907300,554.576164,12.155424,2635991632651171597,SUCCESS,,0.000000,0.000000,0.000000,0.000000,0,0,0.000000,0.000000,0.000000,0.000000,0.000000,0.000000,0.000000
2026-07-02T20:13:00.454009700Z,threads,2500,13,600,0,7,1119.814300,535.803124,11.627672,2635991632651171597,SUCCESS,,0.000000,0.000000,0.000000,0.000000,0,0,0.000000,0.000000,0.000000,0.000000,0.000000,0.000000,0.000000
2026-07-02T20:13:07.168760100Z,executor,2500,1,600,0,1,938.857400,639.074688,7.905221,2635991632651171597,SUCCESS,,0.000000,0.000000,0.000000,0.000000,0,0,0.000000,0.000000,0.000000,0.000000,0.000000,0.000000,0.000000
2026-07-02T20:13:07.168760100Z,executor,2500,1,600,0,2,953.534000,629.238181,8.056652,2635991632651171597,SUCCESS,,0.000000,0.000000,0.000000,0.000000,0,0,0.000000,0.000000,0.000000,0.000000,0.000000,0.000000,0.000000
2026-07-02T20:13:07.168760100Z,executor,2500,1,600,0,3,833.178900,720.133455,8.126506,2635991632651171597,SUCCESS,,0.000000,0.000000,0.000000,0.000000,0,0,0.000000,0.000000,0.000000,0.000000,0.000000,0.000000,0.000000
2026-07-02T20:13:07.168760100Z,executor,2500,1,600,0,4,927.009300,647.242698,7.725336,2635991632651171597,SUCCESS,,0.000000,0.000000,0.000000,0.000000,0,0,0.000000,0.000000,0.000000,0.000000,0.000000,0.000000,0.000000
2026-07-02T20:13:07.168760100Z,executor,2500,1,600,0,5,1028.631000,583.299551,8.101383,2635991632651171597,SUCCESS,,0.000000,0.000000,0.000000,0.000000,0,0,0.000000,0.000000,0.000000,0.000000,0.000000,0.000000,0.000000
2026-07-02T20:13:07.168760100Z,executor,2500,1,600,0,6,1096.562700,547.164335,7.836989,2635991632651171597,SUCCESS,,0.000000,0.000000,0.000000,0.000000,0,0,0.000000,0.000000,0.000000,0.000000,0.000000,0.000000,0.000000
2026-07-02T20:13:07.168760100Z,executor,2500,1,600,0,7,932.887900,643.164093,7.955806,2635991632651171597,SUCCESS,,0.000000,0.000000,0.000000,0.000000,0,0,0.000000,0.000000,0.000000,0.000000,0.000000,0.000000,0.000000
2026-07-02T20:13:13.273621100Z,executor,2500,2,600,0,1,856.195600,700.774449,9.885056,2635991632651171597,SUCCESS,,0.000000,0.000000,0.000000,0.000000,0,0,0.000000,0.000000,0.000000,0.000000,0.000000,0.000000,0.000000
2026-07-02T20:13:13.273621100Z,executor,2500,2,600,0,2,925.548800,648.264035,9.707079,2635991632651171597,SUCCESS,,0.000000,0.000000,0.000000,0.000000,0,0,0.000000,0.000000,0.000000,0.000000,0.000000,0.000000,0.000000
2026-07-02T20:13:13.273621100Z,executor,2500,2,600,0,3,795.716600,754.037304,11.127287,2635991632651171597,SUCCESS,,0.000000,0.000000,0.000000,0.000000,0,0,0.000000,0.000000,0.000000,0.000000,0.000000,0.000000,0.000000
2026-07-02T20:13:13.273621100Z,executor,2500,2,600,0,4,895.312500,670.157068,9.744037,2635991632651171597,SUCCESS,,0.000000,0.000000,0.000000,0.000000,0,0,0.000000,0.000000,0.000000,0.000000,0.000000,0.000000,0.000000
2026-07-02T20:13:13.273621100Z,executor,2500,2,600,0,5,985.169600,609.032191,8.987454,2635991632651171597,SUCCESS,,0.000000,0.000000,0.000000,0.000000,0,0,0.000000,0.000000,0.000000,0.000000,0.000000,0.000000,0.000000
2026-07-02T20:13:13.273621100Z,executor,2500,2,600,0,6,813.458100,737.591770,9.283924,2635991632651171597,SUCCESS,,0.000000,0.000000,0.000000,0.000000,0,0,0.000000,0.000000,0.000000,0.000000,0.000000,0.000000,0.000000
2026-07-02T20:13:13.273621100Z,executor,2500,2,600,0,7,830.925700,722.086223,10.185678,2635991632651171597,SUCCESS,,0.000000,0.000000,0.000000,0.000000,0,0,0.000000,0.000000,0.000000,0.000000,0.000000,0.000000,0.000000
2026-07-02T20:13:19.877395600Z,executor,2500,4,600,0,1,857.799700,699.463989,10.625538,2635991632651171597,SUCCESS,,0.000000,0.000000,0.000000,0.000000,0,0,0.000000,0.000000,0.000000,0.000000,0.000000,0.000000,0.000000
2026-07-02T20:13:19.877395600Z,executor,2500,4,600,0,2,882.061600,680.224601,9.004709,2635991632651171597,SUCCESS,,0.000000,0.000000,0.000000,0.000000,0,0,0.000000,0.000000,0.000000,0.000000,0.000000,0.000000,0.000000
2026-07-02T20:13:19.877395600Z,executor,2500,4,600,0,3,1003.376300,597.981037,10.770926,2635991632651171597,SUCCESS,,0.000000,0.000000,0.000000,0.000000,0,0,0.000000,0.000000,0.000000,0.000000,0.000000,0.000000,0.000000
2026-07-02T20:13:19.877395600Z,executor,2500,4,600,0,4,894.964300,670.417803,10.475278,2635991632651171597,SUCCESS,,0.000000,0.000000,0.000000,0.000000,0,0,0.000000,0.000000,0.000000,0.000000,0.000000,0.000000,0.000000
2026-07-02T20:13:19.877395600Z,executor,2500,4,600,0,5,900.828700,666.053380,11.418884,2635991632651171597,SUCCESS,,0.000000,0.000000,0.000000,0.000000,0,0,0.000000,0.000000,0.000000,0.000000,0.000000,0.000000,0.000000
2026-07-02T20:13:19.877395600Z,executor,2500,4,600,0,6,1080.519500,555.288452,9.158403,2635991632651171597,SUCCESS,,0.000000,0.000000,0.000000,0.000000,0,0,0.000000,0.000000,0.000000,0.000000,0.000000,0.000000,0.000000
2026-07-02T20:13:19.877395600Z,executor,2500,4,600,0,7,981.018400,611.609324,9.556396,2635991632651171597,SUCCESS,,0.000000,0.000000,0.000000,0.000000,0,0,0.000000,0.000000,0.000000,0.000000,0.000000,0.000000,0.000000
2026-07-02T20:13:26.593081200Z,executor,2500,8,600,0,1,1073.994600,558.662027,10.547655,2635991632651171597,SUCCESS,,0.000000,0.000000,0.000000,0.000000,0,0,0.000000,0.000000,0.000000,0.000000,0.000000,0.000000,0.000000
2026-07-02T20:13:26.593081200Z,executor,2500,8,600,0,2,933.141700,642.989162,10.465318,2635991632651171597,SUCCESS,,0.000000,0.000000,0.000000,0.000000,0,0,0.000000,0.000000,0.000000,0.000000,0.000000,0.000000,0.000000
2026-07-02T20:13:26.593081200Z,executor,2500,8,600,0,3,919.980000,652.188091,10.190439,2635991632651171597,SUCCESS,,0.000000,0.000000,0.000000,0.000000,0,0,0.000000,0.000000,0.000000,0.000000,0.000000,0.000000,0.000000
2026-07-02T20:13:26.593081200Z,executor,2500,8,600,0,4,884.326100,678.482745,11.779214,2635991632651171597,SUCCESS,,0.000000,0.000000,0.000000,0.000000,0,0,0.000000,0.000000,0.000000,0.000000,0.000000,0.000000,0.000000
2026-07-02T20:13:26.593081200Z,executor,2500,8,600,0,5,939.850100,638.399677,10.667703,2635991632651171597,SUCCESS,,0.000000,0.000000,0.000000,0.000000,0,0,0.000000,0.000000,0.000000,0.000000,0.000000,0.000000,0.000000
2026-07-02T20:13:26.593081200Z,executor,2500,8,600,0,6,959.414100,625.381678,9.228723,2635991632651171597,SUCCESS,,0.000000,0.000000,0.000000,0.000000,0,0,0.000000,0.000000,0.000000,0.000000,0.000000,0.000000,0.000000
2026-07-02T20:13:26.593081200Z,executor,2500,8,600,0,7,1001.616700,599.031546,9.359868,2635991632651171597,SUCCESS,,0.000000,0.000000,0.000000,0.000000,0,0,0.000000,0.000000,0.000000,0.000000,0.000000,0.000000,0.000000
2026-07-02T20:13:33.683809500Z,executor,2500,12,600,0,1,994.155700,603.527194,11.132772,2635991632651171597,SUCCESS,,0.000000,0.000000,0.000000,0.000000,0,0,0.000000,0.000000,0.000000,0.000000,0.000000,0.000000,0.000000
2026-07-02T20:13:33.683809500Z,executor,2500,12,600,0,2,1031.983000,581.404926,10.220008,2635991632651171597,SUCCESS,,0.000000,0.000000,0.000000,0.000000,0,0,0.000000,0.000000,0.000000,0.000000,0.000000,0.000000,0.000000
2026-07-02T20:13:33.683809500Z,executor,2500,12,600,0,3,994.547600,603.289375,10.735618,2635991632651171597,SUCCESS,,0.000000,0.000000,0.000000,0.000000,0,0,0.000000,0.000000,0.000000,0.000000,0.000000,0.000000,0.000000
2026-07-02T20:13:33.683809500Z,executor,2500,12,600,0,4,1056.175700,568.087298,10.479041,2635991632651171597,SUCCESS,,0.000000,0.000000,0.000000,0.000000,0,0,0.000000,0.000000,0.000000,0.000000,0.000000,0.000000,0.000000
2026-07-02T20:13:33.683809500Z,executor,2500,12,600,0,5,1013.362700,592.088104,10.022325,2635991632651171597,SUCCESS,,0.000000,0.000000,0.000000,0.000000,0,0,0.000000,0.000000,0.000000,0.000000,0.000000,0.000000,0.000000
2026-07-02T20:13:33.683809500Z,executor,2500,12,600,0,6,1000.532000,599.680970,9.630293,2635991632651171597,SUCCESS,,0.000000,0.000000,0.000000,0.000000,0,0,0.000000,0.000000,0.000000,0.000000,0.000000,0.000000,0.000000
2026-07-02T20:13:33.683809500Z,executor,2500,12,600,0,7,996.879500,601.878161,10.579890,2635991632651171597,SUCCESS,,0.000000,0.000000,0.000000,0.000000,0,0,0.000000,0.000000,0.000000,0.000000,0.000000,0.000000,0.000000
2026-07-02T20:13:41.001206900Z,executor,2500,13,600,0,1,1024.561800,585.616212,9.912774,2635991632651171597,SUCCESS,,0.000000,0.000000,0.000000,0.000000,0,0,0.000000,0.000000,0.000000,0.000000,0.000000,0.000000,0.000000
2026-07-02T20:13:41.001206900Z,executor,2500,13,600,0,2,1056.163700,568.093753,12.328423,2635991632651171597,SUCCESS,,0.000000,0.000000,0.000000,0.000000,0,0,0.000000,0.000000,0.000000,0.000000,0.000000,0.000000,0.000000
2026-07-02T20:13:41.001206900Z,executor,2500,13,600,0,3,988.444600,607.014293,10.011520,2635991632651171597,SUCCESS,,0.000000,0.000000,0.000000,0.000000,0,0,0.000000,0.000000,0.000000,0.000000,0.000000,0.000000,0.000000
2026-07-02T20:13:41.001206900Z,executor,2500,13,600,0,4,1012.594500,592.537289,11.444405,2635991632651171597,SUCCESS,,0.000000,0.000000,0.000000,0.000000,0,0,0.000000,0.000000,0.000000,0.000000,0.000000,0.000000,0.000000
2026-07-02T20:13:41.001206900Z,executor,2500,13,600,0,5,1081.204900,554.936442,9.875171,2635991632651171597,SUCCESS,,0.000000,0.000000,0.000000,0.000000,0,0,0.000000,0.000000,0.000000,0.000000,0.000000,0.000000,0.000000
2026-07-02T20:13:41.001206900Z,executor,2500,13,600,0,6,1055.870100,568.251720,10.112118,2635991632651171597,SUCCESS,,0.000000,0.000000,0.000000,0.000000,0,0,0.000000,0.000000,0.000000,0.000000,0.000000,0.000000,0.000000
2026-07-02T20:13:41.001206900Z,executor,2500,13,600,0,7,1096.401600,547.244732,10.925893,2635991632651171597,SUCCESS,,0.000000,0.000000,0.000000,0.000000,0,0,0.000000,0.000000,0.000000,0.000000,0.000000,0.000000,0.000000
